timestamp_ns,activated,going_to_position,status,object_status,fault,position_request_echo,position,current_raw,current_a,link_up,timestamp_ns
1777925524612885564,true,false,3,0,0,0,3,0,0.0,true,1777925524574362382
1777925524713080042,true,false,3,0,0,0,3,0,0.0,true,1777925524674357761
1777925524813113644,true,false,3,0,0,0,3,0,0.0,true,1777925524774362214
1777925524913147802,true,false,3,0,0,0,3,0,0.0,true,1777925524874372575
1777925525013059475,true,false,3,0,0,0,3,0,0.0,true,1777925524975369857
1777925525113152505,true,false,3,0,0,0,3,0,0.0,true,1777925525074367870
1777925525213075771,true,false,3,0,0,0,3,0,0.0,true,1777925525174377990
1777925525313119299,true,false,3,0,0,0,3,0,0.0,true,1777925525274382296
1777925525413055917,true,false,3,0,0,0,3,0,0.0,true,1777925525374386304
1777925525513138429,true,false,3,0,0,0,3,0,0.0,true,1777925525474388665
1777925850190825793,true,false,3,0,0,0,3,0,0.0,true,1777925850141387101
1777925850292403118,true,false,3,0,0,0,3,0,0.0,true,1777925850292393266
1777925850392401953,true,false,3,0,0,0,3,0,0.0,true,1777925850392392879
1777925850492399288,true,false,3,0,0,0,3,0,0.0,true,1777925850492391955
1777925850592411641,true,false,3,0,0,0,3,0,0.0,true,1777925850592401586
1777925850692433976,true,false,3,0,0,0,3,0,0.0,true,1777925850692400180
1777925850792407996,true,false,3,0,0,0,3,0,0.0,true,1777925850792400330
1777925850892406127,true,false,3,0,0,0,3,0,0.0,true,1777925850892398498
1777925850992411240,true,false,3,0,0,0,3,0,0.0,true,1777925850992401147
1777925851092410760,true,false,3,0,0,0,3,0,0.0,true,1777925851092402630
1777925851192411762,true,false,3,0,0,0,3,0,0.0,true,1777925851192404391
1777925851292410800,true,false,3,0,0,0,3,0,0.0,true,1777925851292402041
1777925851392421839,true,false,3,0,0,0,3,0,0.0,true,1777925851392412265
1777925851492431026,true,false,3,0,0,0,3,0,0.0,true,1777925851492417877
1777925851592436212,true,false,3,0,0,0,3,0,0.0,true,1777925851541868477
1777925851692423288,true,false,3,0,0,0,3,0,0.0,true,1777925851641634181
1777925851792445530,true,false,3,0,0,0,3,0,0.0,true,1777925851792434456
1777925851892428976,true,false,3,0,0,0,3,0,0.0,true,1777925851892419254
1777925851992450459,true,false,3,0,0,0,3,0,0.0,true,1777925851992439848
1777925852092426340,true,false,3,0,0,0,3,0,0.0,true,1777925852041679039
1777925852191732280,true,false,3,0,0,0,3,0,0.0,true,1777925852142401950
1777925852292439690,true,false,3,0,0,0,3,0,0.0,true,1777925852292427950
1777925852392444579,true,false,3,0,0,0,3,0,0.0,true,1777925852392431245
1777925852492311133,true,false,3,0,0,0,3,0,0.0,true,1777925852492303151
1777925852592317873,true,false,3,0,0,0,3,0,0.0,true,1777925852592308428
1777925852692316520,true,false,3,0,0,0,3,0,0.0,true,1777925852692306187
1777925852792311390,true,false,3,0,0,0,3,0,0.0,true,1777925852741301181
1777925852892313482,true,false,3,0,0,0,3,0,0.0,true,1777925852841708609
1777925852992316778,true,false,3,0,0,0,3,0,0.0,true,1777925852941460384
1777925853092318184,true,false,3,0,0,0,3,0,0.0,true,1777925853092308573
1777925853192342888,true,false,3,0,0,0,3,0,0.0,true,1777925853192326239
1777925853292324165,true,false,3,0,0,0,3,0,0.0,true,1777925853292314794
1777925853392330256,true,false,3,0,0,0,3,0,0.0,true,1777925853392317275
1777925853492328959,true,false,3,0,0,0,3,0,0.0,true,1777925853492319830
1777925853592333829,true,false,3,0,0,0,3,0,0.0,true,1777925853592324051
1777925853692330458,true,false,3,0,0,0,3,0,0.0,true,1777925853692322310
1777925853792330235,true,false,3,0,0,0,3,0,0.0,true,1777925853792321883
1777925853892335346,true,false,3,0,0,0,3,0,0.0,true,1777925853892326346
1777925853992334345,true,false,3,0,0,0,3,0,0.0,true,1777925853992325993
1777925854092331955,true,false,3,0,0,0,3,0,0.0,true,1777925854042326493
1777925854192339603,true,false,3,0,0,0,3,0,0.0,true,1777925854141626451
1777925854292339862,true,false,3,0,0,0,3,0,0.0,true,1777925854292332380
1777925854392336287,true,false,3,0,0,0,3,0,0.0,true,1777925854392329639
1777925854492341323,true,false,3,0,0,0,3,0,0.0,true,1777925854492333527
1777925854592363452,true,false,3,0,0,0,3,0,0.0,true,1777925854592346471
1777925854692343544,true,false,3,0,0,0,3,0,0.0,true,1777925854692334137
1777925854792341914,true,false,3,0,0,0,3,0,0.0,true,1777925854792332988
1777925854892351969,true,false,3,0,0,0,3,0,0.0,true,1777925854892343006
1777925854992341690,true,false,3,0,0,0,3,0,0.0,true,1777925854992334857
1777925855092349819,true,false,3,0,0,0,3,0,0.0,true,1777925855092340523
1777925855192353189,true,false,3,0,0,0,3,0,0.0,true,1777925855192344170
1777925855292355336,true,false,3,0,0,0,3,0,0.0,true,1777925855292348299
1777925855392351114,true,false,3,0,0,0,3,0,0.0,true,1777925855341698221
1777925855492387243,true,false,3,0,0,0,3,0,0.0,true,1777925855492377576
1777925855593393396,true,false,3,0,0,0,3,0,0.0,true,1777925855593377748
1777925855692361815,true,false,3,0,0,0,3,0,0.0,true,1777925855692354667
1777925855792357481,true,false,3,0,0,0,3,0,0.0,true,1777925855792351203
1777925855892364536,true,false,3,0,0,0,3,0,0.0,true,1777925855892356277
1777925855992366221,true,false,3,0,0,0,3,0,0.0,true,1777925855992359239
1777925856092365813,true,false,3,0,0,0,3,0,0.0,true,1777925856092358294
1777925856192367238,true,false,3,0,0,0,3,0,0.0,true,1777925856141791513
1777925856292365552,true,false,3,0,0,0,3,0,0.0,true,1777925856241558159
1777925856392376977,true,false,3,0,0,0,3,0,0.0,true,1777925856392366792
1777925856492378106,true,false,3,0,0,0,3,0,0.0,true,1777925856492369328
1777925856592369031,true,false,3,0,0,0,3,0,0.0,true,1777925856592362050
1777925856692374975,true,false,3,0,0,0,3,0,0.0,true,1777925856642575551
1777925856792375956,true,false,3,0,0,0,3,0,0.0,true,1777925856792365734
1777925856892372881,true,false,3,0,0,0,3,0,0.0,true,1777925856892364363
1777925856992387973,true,false,3,0,0,0,3,0,0.0,true,1777925856992376603
1777925857092382399,true,false,3,0,0,0,3,0,0.0,true,1777925857092374176
1777925857192382620,true,false,3,0,0,0,3,0,0.0,true,1777925857192374861
1777925857292383582,true,false,3,0,0,0,3,0,0.0,true,1777925857292375953
1777925857392385341,true,false,3,0,0,0,3,0,0.0,true,1777925857392377748
1777925857492390174,true,false,3,0,0,0,3,0,0.0,true,1777925857492380859
1777925857592403395,true,false,3,0,0,0,3,0,0.0,true,1777925857592384043
1777925857692395209,true,false,3,0,0,0,3,0,0.0,true,1777925857692385987
1777925857792391042,true,false,3,0,0,0,3,0,0.0,true,1777925857741393907
1777925857892392097,true,false,3,0,0,0,3,0,0.0,true,1777925857841715223
1777925857992398985,true,false,3,0,0,0,3,0,0.0,true,1777925857992390781
1777925858092401559,true,false,3,0,0,0,3,0,0.0,true,1777925858092393318
1777925858192401039,true,false,3,0,0,0,3,0,0.0,true,1777925858192392447
1777925858292399335,true,false,3,0,0,0,3,0,0.0,true,1777925858241780332
1777925858392428427,true,false,3,0,0,0,3,0,0.0,true,1777925858392419983
1777925858491404495,true,false,3,0,0,0,3,0,0.0,true,1777925858491394569
1777925858592410611,true,false,3,0,0,0,3,0,0.0,true,1777925858592399574
1777925858692405036,true,false,3,0,0,0,3,0,0.0,true,1777925858692395332
1777925858792416110,true,false,3,0,0,0,3,0,0.0,true,1777925858792405498
1777925858892411535,true,false,3,0,0,0,3,0,0.0,true,1777925858892402387
1777925858991411917,true,false,3,0,0,0,3,0,0.0,true,1777925858942078810
1777925859092419515,true,false,3,0,0,0,3,0,0.0,true,1777925859092409885
1777925859192417255,true,false,3,0,0,0,3,0,0.0,true,1777925859192408644
1777925859292418625,true,false,3,0,0,0,3,0,0.0,true,1777925859292409217
1777925859392424069,true,false,3,0,0,0,3,0,0.0,true,1777925859392415346
1777925859491420247,true,false,3,0,0,0,3,0,0.0,true,1777925859441890010
1777925859593429888,true,false,3,0,0,0,3,0,0.0,true,1777925859593416350
1777925859692433789,true,false,3,0,0,0,3,0,0.0,true,1777925859692422104
1777925859792426547,true,false,3,0,0,0,3,0,0.0,true,1777925859792417695
1777925859892426806,true,false,3,0,0,0,3,0,0.0,true,1777925859892418676
1777925859991438466,true,false,3,0,0,0,3,0,0.0,true,1777925859941704968
1777925860092430694,true,false,3,0,0,0,3,0,0.0,true,1777925860092423675
1777925860192428397,true,false,3,0,0,0,3,0,0.0,true,1777925860192420656
1777925860292437100,true,false,3,0,0,0,3,0,0.0,true,1777925860292427451
1777925860392308043,true,false,3,0,0,0,3,0,0.0,true,1777925860392298117
1777925860491305944,true,false,3,0,0,0,3,0,0.0,true,1777925860441488890
1777925860592326393,true,false,3,0,0,0,3,0,0.0,true,1777925860592312745
1777925860692316985,true,false,3,0,0,0,3,0,0.0,true,1777925860692308004
1777925860792306244,true,false,3,0,0,0,3,0,0.0,true,1777925860741430813
1777925860892314632,true,false,3,0,0,0,3,0,0.0,true,1777925860842531485
1777925860991201810,true,false,3,0,0,0,3,0,0.0,true,1777925860942325817
1777925861092458002,true,false,3,0,0,0,3,0,0.0,true,1777925861092443946
1777925861192320667,true,false,3,0,0,0,3,0,0.0,true,1777925861192313482
1777925861292323963,true,false,3,0,0,0,3,0,0.0,true,1777925861292315537
1777925861392323684,true,false,3,0,0,0,3,0,0.0,true,1777925861392316277
1777925861492351758,true,false,3,0,0,0,3,0,0.0,true,1777925861492317387
1777925861592326109,true,false,3,0,0,0,3,0,0.0,true,1777925861541860773
1777925861692326886,true,false,3,0,0,0,3,0,0.0,true,1777925861641617419
1777925861792330589,true,false,3,0,0,0,3,0,0.0,true,1777925861792322163
1777925861892334403,true,false,3,0,0,0,3,0,0.0,true,1777925861892325329
1777925861992332143,true,false,3,0,0,0,3,0,0.0,true,1777925861992325273
1777925862092332050,true,false,3,0,0,0,3,0,0.0,true,1777925862041674658
1777925862191332099,true,false,3,0,0,0,3,0,0.0,true,1777925862142408328
1777925862292344234,true,false,3,0,0,0,3,0,0.0,true,1777925862292331493
1777925862392337715,true,false,3,0,0,0,3,0,0.0,true,1777925862392328307
1777925862493346886,true,false,3,0,0,0,3,0,0.0,true,1777925862493333627
1777925862592352417,true,false,3,0,0,0,3,0,0.0,true,1777925862592340398
1777925862692340546,true,false,3,0,0,0,3,0,0.0,true,1777925862692332972
1777925862792345342,true,false,3,0,0,0,3,0,0.0,true,1777925862792337804
1777925862891348872,true,false,3,0,0,0,3,0,0.0,true,1777925862841746782
1777925862992345562,true,false,3,0,0,0,3,0,0.0,true,1777925862941515391
1777925863092351358,true,false,3,0,0,0,3,0,0.0,true,1777925863092344062
1777925863192353709,true,false,3,0,0,0,3,0,0.0,true,1777925863192346876
1777925863292352209,true,false,3,0,0,0,3,0,0.0,true,1777925863241790095
1777925863392351430,true,false,3,0,0,0,3,0,0.0,true,1777925863342550617
1777925863492361096,true,false,3,0,0,0,3,0,0.0,true,1777925863492352485
1777925863592360373,true,false,3,0,0,0,3,0,0.0,true,1777925863592352410
1777925863692362262,true,false,3,0,0,0,3,0,0.0,true,1777925863692354076
1777925863791365052,true,false,3,0,0,0,3,0,0.0,true,1777925863791356292
1777925863892364723,true,false,3,0,0,0,3,0,0.0,true,1777925863892356964
1777925863992364260,true,false,3,0,0,0,3,0,0.0,true,1777925863992356704
1777925864092366888,true,false,3,0,0,0,3,0,0.0,true,1777925864092358611
1777925864192367777,true,false,3,0,0,0,3,0,0.0,true,1777925864192360573
1777925864292368776,true,false,3,0,0,0,3,0,0.0,true,1777925864292361017
1777925864392372405,true,false,3,0,0,0,3,0,0.0,true,1777925864392365572
1777925864491366658,true,false,3,0,0,0,3,0,0.0,true,1777925864441908661
1777925864592375626,true,false,3,0,0,0,3,0,0.0,true,1777925864541667400
1777925864692381310,true,false,3,0,0,0,3,0,0.0,true,1777925864692373292
1777925864792376625,true,false,3,0,0,0,3,0,0.0,true,1777925864792370032
1777925864892382772,true,false,3,0,0,0,3,0,0.0,true,1777925864892373587
1777925864992377457,true,false,3,0,0,0,3,0,0.0,true,1777925864942377698
1777925865092385826,true,false,3,0,0,0,3,0,0.0,true,1777925865092377289
1777925865192381826,true,false,3,0,0,0,3,0,0.0,true,1777925865192375455
1777925865292389251,true,false,3,0,0,0,3,0,0.0,true,1777925865292380751
1777925865391385152,true,false,3,0,0,0,3,0,0.0,true,1777925865391378504
1777925865492391676,true,false,3,0,0,0,3,0,0.0,true,1777925865492383564
1777925865592391860,true,false,3,0,0,0,3,0,0.0,true,1777925865592384416
1777925865692394322,true,false,3,0,0,0,3,0,0.0,true,1777925865692386119
1777925865792392303,true,false,3,0,0,0,3,0,0.0,true,1777925865792385266
1777925865892391858,true,false,3,0,0,0,3,0,0.0,true,1777925865892385877
1777925865991406685,true,false,3,0,0,0,3,0,0.0,true,1777925865991394907
1777925866091395851,true,false,3,0,0,0,3,0,0.0,true,1777925866042398709
1777925866192418856,true,false,3,0,0,0,3,0,0.0,true,1777925866142390634
1777925866292426689,true,false,3,0,0,0,3,0,0.0,true,1777925866242409504
1777925866392411021,true,false,3,0,0,0,3,0,0.0,true,1777925866392397021
1777925866492412113,true,false,3,0,0,0,3,0,0.0,true,1777925866492399706
1777925866592407427,true,false,3,0,0,0,3,0,0.0,true,1777925866543410156
1777925866692408723,true,false,3,0,0,0,3,0,0.0,true,1777925866642640151
1777925866792413278,true,false,3,0,0,0,3,0,0.0,true,1777925866792404037
1777925866892411629,true,false,3,0,0,0,3,0,0.0,true,1777925866892403129
1777925866991422586,true,false,3,0,0,0,3,0,0.0,true,1777925866991411123
1777925867092444406,true,false,3,0,0,0,3,0,0.0,true,1777925867092428943
1777925867191416122,true,false,3,0,0,0,3,0,0.0,true,1777925867191409325
1777925867291418325,true,false,3,0,0,0,3,0,0.0,true,1777925867291410880
1777925867391418435,true,false,3,0,0,0,3,0,0.0,true,1777925867391411102
1777925867491421527,true,false,3,0,0,0,3,0,0.0,true,1777925867491413046
1777925867591426582,true,false,3,0,0,0,3,0,0.0,true,1777925867591418860
1777925867691428767,true,false,3,0,0,0,3,0,0.0,true,1777925867691419100
1777925867791424988,true,false,3,0,0,0,3,0,0.0,true,1777925867742421883
1777925867891424673,true,false,3,0,0,0,3,0,0.0,true,1777925867842440419
1777925867991298079,true,false,3,0,0,0,3,0,0.0,true,1777925867942427530
1777925868091432412,true,false,3,0,0,0,3,0,0.0,true,1777925868091425042
1777925868191303448,true,false,3,0,0,0,3,0,0.0,true,1777925868191294485
1777925868291307540,true,false,3,0,0,0,3,0,0.0,true,1777925868242295712
1777925868391304354,true,false,3,0,0,0,3,0,0.0,true,1777925868343435514
1777925868491310112,true,false,3,0,0,0,3,0,0.0,true,1777925868491302760
1777925868591322075,true,false,3,0,0,0,3,0,0.0,true,1777925868591310741
1777925868691324389,true,false,3,0,0,0,3,0,0.0,true,1777925868691315741
1777925868791318333,true,false,3,0,0,0,3,0,0.0,true,1777925868791310036
1777925868891318517,true,false,3,0,0,0,3,0,0.0,true,1777925868891309980
1777925868991319831,true,false,3,0,0,0,3,0,0.0,true,1777925868991311368
1777925869092476726,true,false,3,0,0,0,3,0,0.0,true,1777925869092453948
1777925869191326145,true,false,3,0,0,0,3,0,0.0,true,1777925869191317108
1777925869291332070,true,false,3,0,0,0,3,0,0.0,true,1777925869291324311
1777925869391342292,true,false,3,0,0,0,3,0,0.0,true,1777925869391328977
1777925869491329513,true,false,3,0,0,0,3,0,0.0,true,1777925869491321087
1777925869591326327,true,false,3,0,0,0,3,0,0.0,true,1777925869542328092
1777925869691329178,true,false,3,0,0,0,3,0,0.0,true,1777925869642331073
1777925869791335400,true,false,3,0,0,0,3,0,0.0,true,1777925869791326807
1777925869891325585,true,false,3,0,0,0,3,0,0.0,true,1777925869842331739
1777925869991340973,true,false,3,0,0,0,3,0,0.0,true,1777925869942332275
1777925870091331583,true,false,3,0,0,0,3,0,0.0,true,1777925870042334626
1777925870191340379,true,false,3,0,0,0,3,0,0.0,true,1777925870191331508
1777925870292345069,true,false,3,0,0,0,3,0,0.0,true,1777925870292334384
1777925870391359192,true,false,3,0,0,0,3,0,0.0,true,1777925870342784812
1777925870491341877,true,false,3,0,0,0,3,0,0.0,true,1777925870442544773
1777925870591348895,true,false,3,0,0,0,3,0,0.0,true,1777925870591340061
1777925870691349635,true,false,3,0,0,0,3,0,0.0,true,1777925870691341505
1777925870791345412,true,false,3,0,0,0,3,0,0.0,true,1777925870741823600
1777925870891349800,true,false,3,0,0,0,3,0,0.0,true,1777925870842569900
1777925870991350262,true,false,3,0,0,0,3,0,0.0,true,1777925870991342503
1777925871091359632,true,false,3,0,0,0,3,0,0.0,true,1777925871091348854
1777925871191355243,true,false,3,0,0,0,3,0,0.0,true,1777925871191347965
1777925871291370964,true,false,3,0,0,0,3,0,0.0,true,1777925871242352396
1777925871390866368,true,false,3,0,0,0,3,0,0.0,true,1777925871390853183
1777925871491361907,true,false,3,0,0,0,3,0,0.0,true,1777925871491354278
1777925871591356203,true,false,3,0,0,0,3,0,0.0,true,1777925871541912854
1777925871691358202,true,false,3,0,0,0,3,0,0.0,true,1777925871642359301
1777925871791364590,true,false,3,0,0,0,3,0,0.0,true,1777925871791356702
1777925871891362831,true,false,3,0,0,0,3,0,0.0,true,1777925871891354275
1777925871991358811,true,false,3,0,0,0,3,0,0.0,true,1777925871942353113
1777925872091359255,true,false,3,0,0,0,3,0,0.0,true,1777925872041729202
1777925872191380680,true,false,3,0,0,0,3,0,0.0,true,1777925872191372384
1777925872291092974,true,false,3,0,0,0,3,0,0.0,true,1777925872242364815
1777925872391373253,true,false,3,0,0,0,3,0,0.0,true,1777925872391365512
1777925872491374901,true,false,3,0,0,0,3,0,0.0,true,1777925872442751020
1777925872591372381,true,false,3,0,0,0,3,0,0.0,true,1777925872542526833
1777925872691382622,true,false,3,0,0,0,3,0,0.0,true,1777925872691373807
1777925872791395399,true,false,3,0,0,0,3,0,0.0,true,1777925872791389195
1777925872891378916,true,false,3,0,0,0,3,0,0.0,true,1777925872891372268
1777925872991381175,true,false,3,0,0,0,3,0,0.0,true,1777925872942538811
1777925873091385360,true,false,3,0,0,0,3,0,0.0,true,1777925873091378619
1777925873191388359,true,false,3,0,0,0,3,0,0.0,true,1777925873191380711
1777925873291391229,true,false,3,0,0,0,3,0,0.0,true,1777925873291382766
1777925873391390135,true,false,3,0,0,0,3,0,0.0,true,1777925873391382043
1777925873491392987,true,false,3,0,0,0,3,0,0.0,true,1777925873491385709
1777925873591393004,true,false,3,0,0,0,3,0,0.0,true,1777925873591385430
1777925873691397930,true,false,3,0,0,0,3,0,0.0,true,1777925873691387115
1777925873791391096,true,false,3,0,0,0,3,0,0.0,true,1777925873791383633
1777925873891398206,true,false,3,0,0,0,3,0,0.0,true,1777925873891389614
1777925873991392872,true,false,3,0,0,0,3,0,0.0,true,1777925873991385539
1777925874091402723,true,false,3,0,0,0,3,0,0.0,true,1777925874091393501
1777925874191399612,true,false,3,0,0,0,3,0,0.0,true,1777925874191392704
1777925874291403889,true,false,3,0,0,0,3,0,0.0,true,1777925874291395981
1777925874391408277,true,false,3,0,0,0,3,0,0.0,true,1777925874391399888
1777925874491491962,true,false,3,0,0,0,3,0,0.0,true,1777925874442423819
1777925874591475072,true,false,3,0,0,0,3,0,0.0,true,1777925874542721468
1777925874691446423,true,false,3,0,0,0,3,0,0.0,true,1777925874691424257
1777925874791416737,true,false,3,0,0,0,3,0,0.0,true,1777925874791405182
1777925874891412496,true,false,3,0,0,0,3,0,0.0,true,1777925874842409094
1777925874991412291,true,false,3,0,0,0,3,0,0.0,true,1777925874942409760
1777925875091422217,true,false,3,0,0,0,3,0,0.0,true,1777925875091412457
1777925875191435568,true,false,3,0,0,0,3,0,0.0,true,1777925875191428938
1777925875291423752,true,false,3,0,0,0,3,0,0.0,true,1777925875291413789
1777925875391420178,true,false,3,0,0,0,3,0,0.0,true,1777925875342810408
1777925875491420844,true,false,3,0,0,0,3,0,0.0,true,1777925875442554684
1777925875591420713,true,false,3,0,0,0,3,0,0.0,true,1777925875591413047
1777925875691425065,true,false,3,0,0,0,3,0,0.0,true,1777925875691415657
1777925875791304934,true,false,3,0,0,0,3,0,0.0,true,1777925875791296082
1777925875891299248,true,false,3,0,0,0,3,0,0.0,true,1777925875842289624
1777925875991304377,true,false,3,0,0,0,3,0,0.0,true,1777925875991297062
1777925876091432673,true,false,3,0,0,0,3,0,0.0,true,1777925876091425432
1777925876191451302,true,false,3,0,0,0,3,0,0.0,true,1777925876191437709
1777925876291309523,true,false,3,0,0,0,3,0,0.0,true,1777925876291302134
1777925876391322967,true,false,3,0,0,0,3,0,0.0,true,1777925876391314356
1777925876491312022,true,false,3,0,0,0,3,0,0.0,true,1777925876442305620
1777925876591319947,true,false,3,0,0,0,3,0,0.0,true,1777925876542448953
1777925876691317724,true,false,3,0,0,0,3,0,0.0,true,1777925876642314693
1777925876791321871,true,false,3,0,0,0,3,0,0.0,true,1777925876742448526
1777925876891332760,true,false,3,0,0,0,3,0,0.0,true,1777925876891322482
1777925876991320500,true,false,3,0,0,0,3,0,0.0,true,1777925876942335506
1777925877091320777,true,false,3,0,0,0,3,0,0.0,true,1777925877042325912
1777925877191321480,true,false,3,0,0,0,3,0,0.0,true,1777925877142472487
1777925877291332535,true,false,3,0,0,0,3,0,0.0,true,1777925877291324109
1777925877391325201,true,false,3,0,0,0,3,0,0.0,true,1777925877342333244
1777925877491320515,true,false,3,0,0,0,3,0,0.0,true,1777925877442772079
1777925877591328718,true,false,3,0,0,0,3,0,0.0,true,1777925877542509669
1777925877691328921,true,false,3,0,0,0,3,0,0.0,true,1777925877691320865
1777925877791336217,true,false,3,0,0,0,3,0,0.0,true,1777925877791323513
1777925877891328272,true,false,3,0,0,0,3,0,0.0,true,1777925877842802910
1777925877991336012,true,false,3,0,0,0,3,0,0.0,true,1777925877942591537
1777925878091343252,true,false,3,0,0,0,3,0,0.0,true,1777925878091334900
1777925878191342158,true,false,3,0,0,0,3,0,0.0,true,1777925878191333936
1777925878291341028,true,false,3,0,0,0,3,0,0.0,true,1777925878242332664
1777925878391342102,true,false,3,0,0,0,3,0,0.0,true,1777925878342614331
1777925878491347101,true,false,3,0,0,0,3,0,0.0,true,1777925878491338138
1777925878591344822,true,false,3,0,0,0,3,0,0.0,true,1777925878591337804
1777925878691351729,true,false,3,0,0,0,3,0,0.0,true,1777925878691343285
1777925878791360395,true,false,3,0,0,0,3,0,0.0,true,1777925878791347284
1777925878891371061,true,false,3,0,0,0,3,0,0.0,true,1777925878891353376
1777925878991372820,true,false,3,0,0,0,3,0,0.0,true,1777925878991363987
1777925879091355967,true,false,3,0,0,0,3,0,0.0,true,1777925879091347227
1777925879191354726,true,false,3,0,0,0,3,0,0.0,true,1777925879142367213
1777925879291368262,true,false,3,0,0,0,3,0,0.0,true,1777925879291359744
1777925879391352910,true,false,3,0,0,0,3,0,0.0,true,1777925879342356267
1777925879491359928,true,false,3,0,0,0,3,0,0.0,true,1777925879442355248
1777925879591357742,true,false,3,0,0,0,3,0,0.0,true,1777925879542360562
1777925879691363260,true,false,3,0,0,0,3,0,0.0,true,1777925879642356654
1777925879792364746,true,false,3,0,0,0,3,0,0.0,true,1777925879792356542
1777925879891365129,true,false,3,0,0,0,3,0,0.0,true,1777925879842352616
1777925879991369369,true,false,3,0,0,0,3,0,0.0,true,1777925879942800877
1777925880091381831,true,false,3,0,0,0,3,0,0.0,true,1777925880042561782
1777925880191370941,true,false,3,0,0,0,3,0,0.0,true,1777925880191364553
1777925880291370515,true,false,3,0,0,0,3,0,0.0,true,1777925880291364274
1777925880391372496,true,false,3,0,0,0,3,0,0.0,true,1777925880342371687
1777925880491373254,true,false,3,0,0,0,3,0,0.0,true,1777925880442640743
1777925880591381087,true,false,3,0,0,0,3,0,0.0,true,1777925880591372291
1777925880691381605,true,false,3,0,0,0,3,0,0.0,true,1777925880691373623
1777925880791382178,true,false,3,0,0,0,3,0,0.0,true,1777925880791373308
1777925880891382159,true,false,3,0,0,0,3,0,0.0,true,1777925880842385146
1777925880991384121,true,false,3,0,0,0,3,0,0.0,true,1777925880991376269
1777925881091386491,true,false,3,0,0,0,3,0,0.0,true,1777925881042415553
1777925881191387842,true,false,3,0,0,0,3,0,0.0,true,1777925881191380176
1777925881291386767,true,false,3,0,0,0,3,0,0.0,true,1777925881291377008
1777925881391415471,true,false,3,0,0,0,3,0,0.0,true,1777925881391407063
1777925881491386507,true,false,3,0,0,0,3,0,0.0,true,1777925881442385050
1777925881592391697,true,false,3,0,0,0,3,0,0.0,true,1777925881592383549
1777925881691393746,true,false,3,0,0,0,3,0,0.0,true,1777925881642382104
1777925881791403301,true,false,3,0,0,0,3,0,0.0,true,1777925881791395579
1777925881891400615,true,false,3,0,0,0,3,0,0.0,true,1777925881891392930
1777925881991397041,true,false,3,0,0,0,3,0,0.0,true,1777925881942393232
1777925882092401731,true,false,3,0,0,0,3,0,0.0,true,1777925882042798289
1777925882191401076,true,false,3,0,0,0,3,0,0.0,true,1777925882142538342
1777925882291422335,true,false,3,0,0,0,3,0,0.0,true,1777925882291413205
1777925882391407094,true,false,3,0,0,0,3,0,0.0,true,1777925882391398760
1777925882491415426,true,false,3,0,0,0,3,0,0.0,true,1777925882491405222
1777925882592412098,true,false,3,0,0,0,3,0,0.0,true,1777925882541404796
1777925882691416129,true,false,3,0,0,0,3,0,0.0,true,1777925882691404980
1777925882791441739,true,false,3,0,0,0,3,0,0.0,true,1777925882791423091
1777925882891417479,true,false,3,0,0,0,3,0,0.0,true,1777925882891408627
1777925882991415571,true,false,3,0,0,0,3,0,0.0,true,1777925882942418781
1777925883092424465,true,false,3,0,0,0,3,0,0.0,true,1777925883092414872
1777925883191418440,true,false,3,0,0,0,3,0,0.0,true,1777925883142415298
1777925883291418291,true,false,3,0,0,0,3,0,0.0,true,1777925883241416477
1777925883391422994,true,false,3,0,0,0,3,0,0.0,true,1777925883342420685
1777925883491427216,true,false,3,0,0,0,3,0,0.0,true,1777925883491417938
1777925883591427586,true,false,3,0,0,0,3,0,0.0,true,1777925883591413882
1777925883691428178,true,false,3,0,0,0,3,0,0.0,true,1777925883643421652
1777925883791456233,true,false,3,0,0,0,3,0,0.0,true,1777925883742701462
1777925883891439528,true,false,3,0,0,0,3,0,0.0,true,1777925883891429047
1777925883991436953,true,false,3,0,0,0,3,0,0.0,true,1777925883991427157
1777925884091438323,true,false,3,0,0,0,3,0,0.0,true,1777925884091428786
1777925884191305877,true,false,3,0,0,0,3,0,0.0,true,1777925884141303489
1777925884291328062,true,false,3,0,0,0,3,0,0.0,true,1777925884242489624
1777925884391444303,true,false,3,0,0,0,3,0,0.0,true,1777925884391433358
1777925884491324320,true,false,3,0,0,0,3,0,0.0,true,1777925884491313820
1777925884591326171,true,false,3,0,0,0,3,0,0.0,true,1777925884591316300
1777925884691316763,true,false,3,0,0,0,3,0,0.0,true,1777925884642323861
1777925884791320466,true,false,3,0,0,0,3,0,0.0,true,1777925884742343009
1777925884891320632,true,false,3,0,0,0,3,0,0.0,true,1777925884841317688
1777925884991319798,true,false,3,0,0,0,3,0,0.0,true,1777925884943318513
1777925885091321982,true,false,3,0,0,0,3,0,0.0,true,1777925885042575860
1777925885191319074,true,false,3,0,0,0,3,0,0.0,true,1777925885191312000
1777925885291330963,true,false,3,0,0,0,3,0,0.0,true,1777925885291322462
1777925885391323128,true,false,3,0,0,0,3,0,0.0,true,1777925885341863224
1777925885491330294,true,false,3,0,0,0,3,0,0.0,true,1777925885441617871
1777925885591329109,true,false,3,0,0,0,3,0,0.0,true,1777925885591321849
1777925885691336367,true,false,3,0,0,0,3,0,0.0,true,1777925885691328164
1777925885791332052,true,false,3,0,0,0,3,0,0.0,true,1777925885791323163
1777925885891338440,true,false,3,0,0,0,3,0,0.0,true,1777925885841330292
1777925885991348180,true,false,3,0,0,0,3,0,0.0,true,1777925885991341087
1777925886091338772,true,false,3,0,0,0,3,0,0.0,true,1777925886091331513
1777925886191338882,true,false,3,0,0,0,3,0,0.0,true,1777925886141333938
1777925886291342956,true,false,3,0,0,0,3,0,0.0,true,1777925886241341438
1777925886391347511,true,false,3,0,0,0,3,0,0.0,true,1777925886391338974
1777925886491346343,true,false,3,0,0,0,3,0,0.0,true,1777925886441342714
1777925886591347028,true,false,3,0,0,0,3,0,0.0,true,1777925886541344139
1777925886691349268,true,false,3,0,0,0,3,0,0.0,true,1777925886641742048
1777925886791347249,true,false,3,0,0,0,3,0,0.0,true,1777925886741517565
1777925886892368365,true,false,3,0,0,0,3,0,0.0,true,1777925886892357513
1777925886991353173,true,false,3,0,0,0,3,0,0.0,true,1777925886941349581
1777925887091349043,true,false,3,0,0,0,3,0,0.0,true,1777925887041786101
1777925887191351654,true,false,3,0,0,0,3,0,0.0,true,1777925887141542581
1777925887291362431,true,false,3,0,0,0,3,0,0.0,true,1777925887291352468
1777925887391357912,true,false,3,0,0,0,3,0,0.0,true,1777925887391349152
1777925887491361263,true,false,3,0,0,0,3,0,0.0,true,1777925887441351319
1777925887591374077,true,false,3,0,0,0,3,0,0.0,true,1777925887542362953
1777925887691372132,true,false,3,0,0,0,3,0,0.0,true,1777925887691361058
1777925887791365557,true,false,3,0,0,0,3,0,0.0,true,1777925887791358538
1777925887891369056,true,false,3,0,0,0,3,0,0.0,true,1777925887891361408
1777925887991384019,true,false,3,0,0,0,3,0,0.0,true,1777925887942840379
1777925888091384111,true,false,3,0,0,0,3,0,0.0,true,1777925888091371555
1777925888191376073,true,false,3,0,0,0,3,0,0.0,true,1777925888191367573
1777925888291415072,true,false,3,0,0,0,3,0,0.0,true,1777925888291403887
1777925888391378090,true,false,3,0,0,0,3,0,0.0,true,1777925888341373109
1777925888491388793,true,false,3,0,0,0,3,0,0.0,true,1777925888491377608
1777925888591379237,true,false,3,0,0,0,3,0,0.0,true,1777925888541376885
1777925888691401033,true,false,3,0,0,0,3,0,0.0,true,1777925888641962184
1777925888791382569,true,false,3,0,0,0,3,0,0.0,true,1777925888741692515
1777925888891406994,true,false,3,0,0,0,3,0,0.0,true,1777925888891390346
1777925888991391364,true,false,3,0,0,0,3,0,0.0,true,1777925888991382845
1777925889091387641,true,false,3,0,0,0,3,0,0.0,true,1777925889091377919
1777925889191390029,true,false,3,0,0,0,3,0,0.0,true,1777925889141390770
1777925889291397843,true,false,3,0,0,0,3,0,0.0,true,1777925889241521122
1777925889391395028,true,false,3,0,0,0,3,0,0.0,true,1777925889391387324
1777925889491393657,true,false,3,0,0,0,3,0,0.0,true,1777925889491386286
1777925889591391971,true,false,3,0,0,0,3,0,0.0,true,1777925889591385934
1777925889691401563,true,false,3,0,0,0,3,0,0.0,true,1777925889641388489
1777925889791399896,true,false,3,0,0,0,3,0,0.0,true,1777925889791392747
1777925889891414247,true,false,3,0,0,0,3,0,0.0,true,1777925889841393136
1777925889991400579,true,false,3,0,0,0,3,0,0.0,true,1777925889941393469
1777925890091430838,true,false,3,0,0,0,3,0,0.0,true,1777925890041404153
1777925890191409226,true,false,3,0,0,0,3,0,0.0,true,1777925890191400356
1777925890291407948,true,false,3,0,0,0,3,0,0.0,true,1777925890241402226
1777925890391409781,true,false,3,0,0,0,3,0,0.0,true,1777925890341866432
1777925890491412854,true,false,3,0,0,0,3,0,0.0,true,1777925890441630430
1777925890591413501,true,false,3,0,0,0,3,0,0.0,true,1777925890591404742
1777925890691422964,true,false,3,0,0,0,3,0,0.0,true,1777925890691412890
1777925890791414056,true,false,3,0,0,0,3,0,0.0,true,1777925890791406093
1777925890891407536,true,false,3,0,0,0,3,0,0.0,true,1777925890841687131
1777925890991410925,true,false,3,0,0,0,3,0,0.0,true,1777925890991404147
1777925891091417591,true,false,3,0,0,0,3,0,0.0,true,1777925891091410794
1777925891191418905,true,false,3,0,0,0,3,0,0.0,true,1777925891191410590
1777925891291444182,true,false,3,0,0,0,3,0,0.0,true,1777925891291428367
1777925891391434570,true,false,3,0,0,0,3,0,0.0,true,1777925891391424885
1777925891491424440,true,false,3,0,0,0,3,0,0.0,true,1777925891491417718
1777925891591425550,true,false,3,0,0,0,3,0,0.0,true,1777925891591418606
1777925891691430624,true,false,3,0,0,0,3,0,0.0,true,1777925891691423883
1777925891791443308,true,false,3,0,0,0,3,0,0.0,true,1777925891791436031
1777925891891440197,true,false,3,0,0,0,3,0,0.0,true,1777925891841425752
1777925891991436085,true,false,3,0,0,0,3,0,0.0,true,1777925891991427492
1777925892091432103,true,false,3,0,0,0,3,0,0.0,true,1777925892041430807
1777925892191441695,true,false,3,0,0,0,3,0,0.0,true,1777925892191432472
1777925892291439138,true,false,3,0,0,0,3,0,0.0,true,1777925892291431972
1777925892391315600,true,false,3,0,0,0,3,0,0.0,true,1777925892341311471
1777925892491315247,true,false,3,0,0,0,3,0,0.0,true,1777925892491308488
1777925892591317043,true,false,3,0,0,0,3,0,0.0,true,1777925892541313099
1777925892691326450,true,false,3,0,0,0,3,0,0.0,true,1777925892641360765
1777925892791319857,true,false,3,0,0,0,3,0,0.0,true,1777925892791309801
1777925892892333158,true,false,3,0,0,0,3,0,0.0,true,1777925892892321898
1777925892991319818,true,false,3,0,0,0,3,0,0.0,true,1777925892941318615
1777925893091321095,true,false,3,0,0,0,3,0,0.0,true,1777925893041317077
1777925893191329335,true,false,3,0,0,0,3,0,0.0,true,1777925893141326243
1777925893291331557,true,false,3,0,0,0,3,0,0.0,true,1777925893241896857
1777925893391329075,true,false,3,0,0,0,3,0,0.0,true,1777925893341662003
1777925893491343315,true,false,3,0,0,0,3,0,0.0,true,1777925893491334963
1777925893591338240,true,false,3,0,0,0,3,0,0.0,true,1777925893591329147
1777925893691338665,true,false,3,0,0,0,3,0,0.0,true,1777925893641936595
1777925893791350165,true,false,3,0,0,0,3,0,0.0,true,1777925893741709278
1777925893892336355,true,false,3,0,0,0,3,0,0.0,true,1777925893841459998
1777925893991341645,true,false,3,0,0,0,3,0,0.0,true,1777925893991334497
1777925894091343255,true,false,3,0,0,0,3,0,0.0,true,1777925894091335774
1777925894191343162,true,false,3,0,0,0,3,0,0.0,true,1777925894191336958
1777925894291339439,true,false,3,0,0,0,3,0,0.0,true,1777925894241339199
1777925894392349407,true,false,3,0,0,0,3,0,0.0,true,1777925894392341703
1777925894491347975,true,false,3,0,0,0,3,0,0.0,true,1777925894441340586
1777925894591348363,true,false,3,0,0,0,3,0,0.0,true,1777925894541342678
1777925894692364294,true,false,3,0,0,0,3,0,0.0,true,1777925894692347886
1777925894791365751,true,false,3,0,0,0,3,0,0.0,true,1777925894791356158
1777925894890974155,true,false,3,0,0,0,3,0,0.0,true,1777925894842069588
1777925894991351638,true,false,3,0,0,0,3,0,0.0,true,1777925894941868123
1777925895091354341,true,false,3,0,0,0,3,0,0.0,true,1777925895041625473
1777925895191360896,true,false,3,0,0,0,3,0,0.0,true,1777925895191353766
1777925895291375747,true,false,3,0,0,0,3,0,0.0,true,1777925895291364303
1777925895391367858,true,false,3,0,0,0,3,0,0.0,true,1777925895341357803
1777925895491360431,true,false,3,0,0,0,3,0,0.0,true,1777925895441665322
1777925895591366968,true,false,3,0,0,0,3,0,0.0,true,1777925895591360116
1777925895691369245,true,false,3,0,0,0,3,0,0.0,true,1777925895691361948
1777925895791368929,true,false,3,0,0,0,3,0,0.0,true,1777925895741368744
1777925895891368410,true,false,3,0,0,0,3,0,0.0,true,1777925895841362873
1777925895991387409,true,false,3,0,0,0,3,0,0.0,true,1777925895991379780
1777925896091371612,true,false,3,0,0,0,3,0,0.0,true,1777925896041370224
1777925896191371889,true,false,3,0,0,0,3,0,0.0,true,1777925896141984486
1777925896291375167,true,false,3,0,0,0,3,0,0.0,true,1777925896241750021
1777925896391378055,true,false,3,0,0,0,3,0,0.0,true,1777925896341510537
1777925896491383925,true,false,3,0,0,0,3,0,0.0,true,1777925896491374850
1777925896591377442,true,false,3,0,0,0,3,0,0.0,true,1777925896591370350
1777925896691377571,true,false,3,0,0,0,3,0,0.0,true,1777925896641774074
1777925896791390108,true,false,3,0,0,0,3,0,0.0,true,1777925896741536090
1777925896891390163,true,false,3,0,0,0,3,0,0.0,true,1777925896891384311
1777925896991384310,true,false,3,0,0,0,3,0,0.0,true,1777925896991377921
1777925897091388717,true,false,3,0,0,0,3,0,0.0,true,1777925897091380995
1777925897191388975,true,false,3,0,0,0,3,0,0.0,true,1777925897141380791
1777925897291394327,true,false,3,0,0,0,3,0,0.0,true,1777925897291386641
1777925897391398789,true,false,3,0,0,0,3,0,0.0,true,1777925897341388734
1777925897491392492,true,false,3,0,0,0,3,0,0.0,true,1777925897441388307
1777925897591394065,true,false,3,0,0,0,3,0,0.0,true,1777925897541392677
1777925897691399917,true,false,3,0,0,0,3,0,0.0,true,1777925897641397121
1777925897791399175,true,false,3,0,0,0,3,0,0.0,true,1777925897741401972
1777925897891398063,true,false,3,0,0,0,3,0,0.0,true,1777925897841926752
1777925897991405044,true,false,3,0,0,0,3,0,0.0,true,1777925897941671861
1777925898091405858,true,false,3,0,0,0,3,0,0.0,true,1777925898091398747
1777925898191407265,true,false,3,0,0,0,3,0,0.0,true,1777925898191399598
1777925898291408672,true,false,3,0,0,0,3,0,0.0,true,1777925898241400024
1777925898392412158,true,false,3,0,0,0,3,0,0.0,true,1777925898392404158
1777925898491408133,true,false,3,0,0,0,3,0,0.0,true,1777925898491402356
1777925898592408249,true,false,3,0,0,0,3,0,0.0,true,1777925898592400472
1777925898691418373,true,false,3,0,0,0,3,0,0.0,true,1777925898691410447
1777925898791413743,true,false,3,0,0,0,3,0,0.0,true,1777925898791406520
1777925898891428242,true,false,3,0,0,0,3,0,0.0,true,1777925898891421261
1777925898992422377,true,false,3,0,0,0,3,0,0.0,true,1777925898992414043
1777925899091419833,true,false,3,0,0,0,3,0,0.0,true,1777925899041424408
1777925899191423981,true,false,3,0,0,0,3,0,0.0,true,1777925899141415777
1777925899291420647,true,false,3,0,0,0,3,0,0.0,true,1777925899241419110
1777925899391425387,true,false,3,0,0,0,3,0,0.0,true,1777925899341419183
1777925899491435497,true,false,3,0,0,0,3,0,0.0,true,1777925899441418868
1777925899591428219,true,false,3,0,0,0,3,0,0.0,true,1777925899541422330
1777925899691303440,true,false,3,0,0,0,3,0,0.0,true,1777925899641596386
1777925899791304976,true,false,3,0,0,0,3,0,0.0,true,1777925899791297902
1777925899891307772,true,false,3,0,0,0,3,0,0.0,true,1777925899891300605
1777925899991316290,true,false,3,0,0,0,3,0,0.0,true,1777925899941430179
1777925900091312715,true,false,3,0,0,0,3,0,0.0,true,1777925900041635717
1777925900192314794,true,false,3,0,0,0,3,0,0.0,true,1777925900192306923
1777925900291326806,true,false,3,0,0,0,3,0,0.0,true,1777925900291318695
1777925900392318181,true,false,3,0,0,0,3,0,0.0,true,1777925900392309755
1777925900491309175,true,false,3,0,0,0,3,0,0.0,true,1777925900441309990
1777925900591328971,true,false,3,0,0,0,3,0,0.0,true,1777925900541433268
1777925900691315729,true,false,3,0,0,0,3,0,0.0,true,1777925900641314637
1777925900791321414,true,false,3,0,0,0,3,0,0.0,true,1777925900741956955
1777925900891327209,true,false,3,0,0,0,3,0,0.0,true,1777925900841722175
1777925900991324709,true,false,3,0,0,0,3,0,0.0,true,1777925900941460062
1777925901092329843,true,false,3,0,0,0,3,0,0.0,true,1777925901092321991
1777925901191330170,true,false,3,0,0,0,3,0,0.0,true,1777925901191323282
1777925901292333212,true,false,3,0,0,0,3,0,0.0,true,1777925901292324527
1777925901391334428,true,false,3,0,0,0,3,0,0.0,true,1777925901341516226
1777925901491337131,true,false,3,0,0,0,3,0,0.0,true,1777925901491329668
1777925901591335186,true,false,3,0,0,0,3,0,0.0,true,1777925901591328316
1777925901691336686,true,false,3,0,0,0,3,0,0.0,true,1777925901641325686
1777925901791336352,true,false,3,0,0,0,3,0,0.0,true,1777925901741340389
1777925901891337481,true,false,3,0,0,0,3,0,0.0,true,1777925901841346740
1777925901991339054,true,false,3,0,0,0,3,0,0.0,true,1777925901942086281
1777925902091342757,true,false,3,0,0,0,3,0,0.0,true,1777925902041858890
1777925902192344299,true,false,3,0,0,0,3,0,0.0,true,1777925902192337725
1777925902292344409,true,false,3,0,0,0,3,0,0.0,true,1777925902292334743
1777925902391345792,true,false,3,0,0,0,3,0,0.0,true,1777925902391338385
1777925902491355514,true,false,3,0,0,0,3,0,0.0,true,1777925902441343662
1777925902591343531,true,false,3,0,0,0,3,0,0.0,true,1777925902541634496
1777925902691350605,true,false,3,0,0,0,3,0,0.0,true,1777925902641402291
1777925902791352826,true,false,3,0,0,0,3,0,0.0,true,1777925902741355401
1777925902891353289,true,false,3,0,0,0,3,0,0.0,true,1777925902841351456
1777925902991361659,true,false,3,0,0,0,3,0,0.0,true,1777925902941351566
1777925903091362954,true,false,3,0,0,0,3,0,0.0,true,1777925903091356010
1777925903191363379,true,false,3,0,0,0,3,0,0.0,true,1777925903142199440
1777925903291363805,true,false,3,0,0,0,3,0,0.0,true,1777925903242001123
1777925903391359822,true,false,3,0,0,0,3,0,0.0,true,1777925903341731714
1777925903491369063,true,false,3,0,0,0,3,0,0.0,true,1777925903491362618
1777925903591380432,true,false,3,0,0,0,3,0,0.0,true,1777925903591371858
1777925903692373122,true,false,3,0,0,0,3,0,0.0,true,1777925903692364122
1777925903792373011,true,false,3,0,0,0,3,0,0.0,true,1777925903792365251
1777925903891369208,true,false,3,0,0,0,3,0,0.0,true,1777925903841534043
1777925903991378689,true,false,3,0,0,0,3,0,0.0,true,1777925903991370152
1777925904091376262,true,false,3,0,0,0,3,0,0.0,true,1777925904091368836
1777925904192374841,true,false,3,0,0,0,3,0,0.0,true,1777925904192366989
1777925904291383817,true,false,3,0,0,0,3,0,0.0,true,1777925904241553799
1777925904391373427,true,false,3,0,0,0,3,0,0.0,true,1777925904341373446
1777925904491383037,true,false,3,0,0,0,3,0,0.0,true,1777925904441371686
1777925904591384666,true,false,3,0,0,0,3,0,0.0,true,1777925904541378037
1777925904691384332,true,false,3,0,0,0,3,0,0.0,true,1777925904641595408
1777925904791385147,true,false,3,0,0,0,3,0,0.0,true,1777925904741396388
1777925904891387275,true,false,3,0,0,0,3,0,0.0,true,1777925904842123317
1777925904992389429,true,false,3,0,0,0,3,0,0.0,true,1777925904992382558
1777925905092401687,true,false,3,0,0,0,3,0,0.0,true,1777925905092388057
1777925905192400686,true,false,3,0,0,0,3,0,0.0,true,1777925905192391020
1777925905291399717,true,false,3,0,0,0,3,0,0.0,true,1777925905291389458
1777925905391395161,true,false,3,0,0,0,3,0,0.0,true,1777925905341936572
1777925905491396586,true,false,3,0,0,0,3,0,0.0,true,1777925905442664464
1777925905591406345,true,false,3,0,0,0,3,0,0.0,true,1777925905591395252
1777925905691420363,true,false,3,0,0,0,3,0,0.0,true,1777925905691408381
1777925905791402455,true,false,3,0,0,0,3,0,0.0,true,1777925905791395399
1777925905891413676,true,false,3,0,0,0,3,0,0.0,true,1777925905842408478
1777925905991406731,true,false,3,0,0,0,3,0,0.0,true,1777925905942500701
1777925906091402416,true,false,3,0,0,0,3,0,0.0,true,1777925906041399583
1777925906191430989,true,false,3,0,0,0,3,0,0.0,true,1777925906191422841
1777925906292405864,true,false,3,0,0,0,3,0,0.0,true,1777925906292397512
1777925906391419062,true,false,3,0,0,0,3,0,0.0,true,1777925906341400099
1777925906491406320,true,false,3,0,0,0,3,0,0.0,true,1777925906442409863
1777925906591414653,true,false,3,0,0,0,3,0,0.0,true,1777925906542064601
1777925906690516592,true,false,3,0,0,0,3,0,0.0,true,1777925906641810118
1777925906791426578,true,false,3,0,0,0,3,0,0.0,true,1777925906741586097
1777925906891425466,true,false,3,0,0,0,3,0,0.0,true,1777925906891417670
1777925906991418169,true,false,3,0,0,0,3,0,0.0,true,1777925906942100821
1777925907091419094,true,false,3,0,0,0,3,0,0.0,true,1777925907041846023
1777925907191429205,true,false,3,0,0,0,3,0,0.0,true,1777925907141590947
1777925907291429111,true,false,3,0,0,0,3,0,0.0,true,1777925907291420167
1777925907391422907,true,false,3,0,0,0,3,0,0.0,true,1777925907341422204
1777925907491467666,true,false,3,0,0,0,3,0,0.0,true,1777925907441426370
1777925907591300072,true,false,3,0,0,0,3,0,0.0,true,1777925907541297239
1777925907691324553,true,false,3,0,0,0,3,0,0.0,true,1777925907641403461
1777925907791309422,true,false,3,0,0,0,3,0,0.0,true,1777925907742202242
1777925907891308329,true,false,3,0,0,0,3,0,0.0,true,1777925907841956740
1777925907991313180,true,false,3,0,0,0,3,0,0.0,true,1777925907941706683
1777925908091306013,true,false,3,0,0,0,3,0,0.0,true,1777925908041458995
1777925908191315716,true,false,3,0,0,0,3,0,0.0,true,1777925908191306808
1777925908291331900,true,false,3,0,0,0,3,0,0.0,true,1777925908241967664
1777925908391311122,true,false,3,0,0,0,3,0,0.0,true,1777925908341727699
1777925908491326381,true,false,3,0,0,0,3,0,0.0,true,1777925908441509178
1777925908591329028,true,false,3,0,0,0,3,0,0.0,true,1777925908591320306
1777925908691322990,true,false,3,0,0,0,3,0,0.0,true,1777925908641322787
1777925908791320008,true,false,3,0,0,0,3,0,0.0,true,1777925908741318416
1777925908891329878,true,false,3,0,0,0,3,0,0.0,true,1777925908841537268
1777925908991323396,true,false,3,0,0,0,3,0,0.0,true,1777925908942291105
1777925909091325321,true,false,3,0,0,0,3,0,0.0,true,1777925909042104900
1777925909191337191,true,false,3,0,0,0,3,0,0.0,true,1777925909141819620
1777925909291330116,true,false,3,0,0,0,3,0,0.0,true,1777925909241566969
1777925909391342523,true,false,3,0,0,0,3,0,0.0,true,1777925909391331319
1777925909491337189,true,false,3,0,0,0,3,0,0.0,true,1777925909491329374
1777925909591333318,true,false,3,0,0,0,3,0,0.0,true,1777925909541329559
1777925909691335947,true,false,3,0,0,0,3,0,0.0,true,1777925909641612134
1777925909791341983,true,false,3,0,0,0,3,0,0.0,true,1777925909741405502
1777925909891342001,true,false,3,0,0,0,3,0,0.0,true,1777925909841330408
1777925909991341852,true,false,3,0,0,0,3,0,0.0,true,1777925909941890152
1777925910091362203,true,false,3,0,0,0,3,0,0.0,true,1777925910041628594
1777925910191343462,true,false,3,0,0,0,3,0,0.0,true,1777925910191333869
1777925910291348943,true,false,3,0,0,0,3,0,0.0,true,1777925910242145799
1777925910391345034,true,false,3,0,0,0,3,0,0.0,true,1777925910341918982
1777925910491353812,true,false,3,0,0,0,3,0,0.0,true,1777925910441688166
1777925910591378089,true,false,3,0,0,0,3,0,0.0,true,1777925910591371478
1777925910691359347,true,false,3,0,0,0,3,0,0.0,true,1777925910691352181
1777925910791359865,true,false,3,0,0,0,3,0,0.0,true,1777925910791352513
1777925910891354587,true,false,3,0,0,0,3,0,0.0,true,1777925910841352643
1777925910991353919,true,false,3,0,0,0,3,0,0.0,true,1777925910941489513
1777925911091360863,true,false,3,0,0,0,3,0,0.0,true,1777925911041360975
1777925911191360918,true,false,3,0,0,0,3,0,0.0,true,1777925911142019329
1777925911291360288,true,false,3,0,0,0,3,0,0.0,true,1777925911241781290
1777925911391374917,true,false,3,0,0,0,3,0,0.0,true,1777925911341534437
1777925911491369861,true,false,3,0,0,0,3,0,0.0,true,1777925911441367546
1777925911591369008,true,false,3,0,0,0,3,0,0.0,true,1777925911541371768
1777925911691381193,true,false,3,0,0,0,3,0,0.0,true,1777925911641990437
1777925911791366414,true,false,3,0,0,0,3,0,0.0,true,1777925911741561915
1777925911891368950,true,false,3,0,0,0,3,0,0.0,true,1777925911841360543
1777925911991377413,true,false,3,0,0,0,3,0,0.0,true,1777925911941366006
1777925912091370801,true,false,3,0,0,0,3,0,0.0,true,1777925912041364486
1777925912191387319,true,false,3,0,0,0,3,0,0.0,true,1777925912141381134
1777925912291378689,true,false,3,0,0,0,3,0,0.0,true,1777925912242369713
1777925912392383582,true,false,3,0,0,0,3,0,0.0,true,1777925912392374471
1777925912492386285,true,false,3,0,0,0,3,0,0.0,true,1777925912492379174
1777925912591381464,true,false,3,0,0,0,3,0,0.0,true,1777925912541657818
1777925912691388075,true,false,3,0,0,0,3,0,0.0,true,1777925912691380482
1777925912792398746,true,false,3,0,0,0,3,0,0.0,true,1777925912792386209
1777925912891389185,true,false,3,0,0,0,3,0,0.0,true,1777925912841905651
1777925912991388628,true,false,3,0,0,0,3,0,0.0,true,1777925912941670019
1777925913091423906,true,false,3,0,0,0,3,0,0.0,true,1777925913091415739
1777925913191396479,true,false,3,0,0,0,3,0,0.0,true,1777925913191388386
1777925913291402071,true,false,3,0,0,0,3,0,0.0,true,1777925913241392423
1777925913391410700,true,false,3,0,0,0,3,0,0.0,true,1777925913341743795
1777925913491419625,true,false,3,0,0,0,3,0,0.0,true,1777925913491411088
1777925913591405161,true,false,3,0,0,0,3,0,0.0,true,1777925913591396569
1777925913691402624,true,false,3,0,0,0,3,0,0.0,true,1777925913691394401
1777925913791400993,true,false,3,0,0,0,3,0,0.0,true,1777925913741789626
1777925913891413456,true,false,3,0,0,0,3,0,0.0,true,1777925913841536457
1777925913991412140,true,false,3,0,0,0,3,0,0.0,true,1777925913991403844
1777925914092408312,true,false,3,0,0,0,3,0,0.0,true,1777925914092399775
1777925914191413509,true,false,3,0,0,0,3,0,0.0,true,1777925914141824142
1777925914291412379,true,false,3,0,0,0,3,0,0.0,true,1777925914241572880
1777925914391412915,true,false,3,0,0,0,3,0,0.0,true,1777925914391406026
1777925914491419989,true,false,3,0,0,0,3,0,0.0,true,1777925914491411359
1777925914591424044,true,false,3,0,0,0,3,0,0.0,true,1777925914541860713
1777925914691415136,true,false,3,0,0,0,3,0,0.0,true,1777925914641622396
1777925914791420190,true,false,3,0,0,0,3,0,0.0,true,1777925914791412524
1777925914891425560,true,false,3,0,0,0,3,0,0.0,true,1777925914891418690
1777925914991438282,true,false,3,0,0,0,3,0,0.0,true,1777925914941421078
1777925915091421596,true,false,3,0,0,0,3,0,0.0,true,1777925915041685246
1777925915191427429,true,false,3,0,0,0,3,0,0.0,true,1777925915142444286
1777925915291426965,true,false,3,0,0,0,3,0,0.0,true,1777925915242438193
1777925915392452229,true,false,3,0,0,0,3,0,0.0,true,1777925915392431470
1777925915491313333,true,false,3,0,0,0,3,0,0.0,true,1777925915441431186
1777925915591309240,true,false,3,0,0,0,3,0,0.0,true,1777925915541476112
1777925915692316838,true,false,3,0,0,0,3,0,0.0,true,1777925915692306171
1777925915791303646,true,false,3,0,0,0,3,0,0.0,true,1777925915741970502
1777925915891309664,true,false,3,0,0,0,3,0,0.0,true,1777925915841750019
1777925915991306774,true,false,3,0,0,0,3,0,0.0,true,1777925915991299774
1777925916092321187,true,false,3,0,0,0,3,0,0.0,true,1777925916092310335
1777925916191314051,true,false,3,0,0,0,3,0,0.0,true,1777925916142030926
1777925916291328717,true,false,3,0,0,0,3,0,0.0,true,1777925916241802238
1777925916391322105,true,false,3,0,0,0,3,0,0.0,true,1777925916342314259
1777925916491450790,true,false,3,0,0,0,3,0,0.0,true,1777925916441372309
1777925916591338017,true,false,3,0,0,0,3,0,0.0,true,1777925916542085497
1777925916691326232,true,false,3,0,0,0,3,0,0.0,true,1777925916641843035
1777925916791333095,true,false,3,0,0,0,3,0,0.0,true,1777925916741594767
1777925916891333959,true,false,3,0,0,0,3,0,0.0,true,1777925916891325755
1777925916991329026,true,false,3,0,0,0,3,0,0.0,true,1777925916942126089
1777925917091330630,true,false,3,0,0,0,3,0,0.0,true,1777925917041900396
1777925917191329382,true,false,3,0,0,0,3,0,0.0,true,1777925917141661073
1777925917292337899,true,false,3,0,0,0,3,0,0.0,true,1777925917292328880
1777925917391333961,true,false,3,0,0,0,3,0,0.0,true,1777925917341329983
1777925917491336139,true,false,3,0,0,0,3,0,0.0,true,1777925917441928034
1777925917591330669,true,false,3,0,0,0,3,0,0.0,true,1777925917542338826
1777925917691339607,true,false,3,0,0,0,3,0,0.0,true,1777925917641456462
1777925917791334192,true,false,3,0,0,0,3,0,0.0,true,1777925917741336751
1777925917891348111,true,false,3,0,0,0,3,0,0.0,true,1777925917842000896
1777925917991345011,true,false,3,0,0,0,3,0,0.0,true,1777925917941743480
1777925918091346208,true,false,3,0,0,0,3,0,0.0,true,1777925918041497212
1777925918191350701,true,false,3,0,0,0,3,0,0.0,true,1777925918191342442
1777925918291351102,true,false,3,0,0,0,3,0,0.0,true,1777925918242352295
1777925918392350711,true,false,3,0,0,0,3,0,0.0,true,1777925918392343285
1777925918490413694,true,false,3,0,0,0,3,0,0.0,true,1777925918442347911
1777925918592354530,true,false,3,0,0,0,3,0,0.0,true,1777925918592346012
1777925918691352370,true,false,3,0,0,0,3,0,0.0,true,1777925918641358577
1777925918792355887,true,false,3,0,0,0,3,0,0.0,true,1777925918792348238
1777925918892356213,true,false,3,0,0,0,3,0,0.0,true,1777925918841560768
1777925918991403719,true,false,3,0,0,0,3,0,0.0,true,1777925918991362701
1777925919091359749,true,false,3,0,0,0,3,0,0.0,true,1777925919041357919
1777925919191362613,true,false,3,0,0,0,3,0,0.0,true,1777925919141864304
1777925919291360458,true,false,3,0,0,0,3,0,0.0,true,1777925919241630074
1777925919392373993,true,false,3,0,0,0,3,0,0.0,true,1777925919392365919
1777925919491377240,true,false,3,0,0,0,3,0,0.0,true,1777925919491368610
1777925919591365659,true,false,3,0,0,0,3,0,0.0,true,1777925919541892072
1777925919691363170,true,false,3,0,0,0,3,0,0.0,true,1777925919642390105
1777925919792372928,true,false,3,0,0,0,3,0,0.0,true,1777925919792364891
1777925919892373717,true,false,3,0,0,0,3,0,0.0,true,1777925919892366161
1777925919992383451,true,false,3,0,0,0,3,0,0.0,true,1777925919992377173
1777925920092377110,true,false,3,0,0,0,3,0,0.0,true,1777925920092369425
1777925920192380640,true,false,3,0,0,0,3,0,0.0,true,1777925920192372437
1777925920292383078,true,false,3,0,0,0,3,0,0.0,true,1777925920292374282
1777925920392382571,true,false,3,0,0,0,3,0,0.0,true,1777925920392375830
1777925920492379897,true,false,3,0,0,0,3,0,0.0,true,1777925920441716082
1777925920592388372,true,false,3,0,0,0,3,0,0.0,true,1777925920592381112
1777925920692388754,true,false,3,0,0,0,3,0,0.0,true,1777925920692381105
1777925920792389358,true,false,3,0,0,0,3,0,0.0,true,1777925920792380321
1777925920892388980,true,false,3,0,0,0,3,0,0.0,true,1777925920892380943
1777925920992386640,true,false,3,0,0,0,3,0,0.0,true,1777925920941519861
1777925921092395985,true,false,3,0,0,0,3,0,0.0,true,1777925921092387170
1777925921192395774,true,false,3,0,0,0,3,0,0.0,true,1777925921192386570
1777925921292390508,true,false,3,0,0,0,3,0,0.0,true,1777925921292382545
1777925921392391223,true,false,3,0,0,0,3,0,0.0,true,1777925921392384038
1777925921492400438,true,false,3,0,0,0,3,0,0.0,true,1777925921492393772
1777925921592397468,true,false,3,0,0,0,3,0,0.0,true,1777925921592389246
1777925921692401313,true,false,3,0,0,0,3,0,0.0,true,1777925921692393406
1777925921792428658,true,false,3,0,0,0,3,0,0.0,true,1777925921792410010
1777925921892406058,true,false,3,0,0,0,3,0,0.0,true,1777925921892398762
1777925921992408626,true,false,3,0,0,0,3,0,0.0,true,1777925921992400774
1777925922092408563,true,false,3,0,0,0,3,0,0.0,true,1777925922092401730
1777925922192407704,true,false,3,0,0,0,3,0,0.0,true,1777925922192401482
1777925922292410549,true,false,3,0,0,0,3,0,0.0,true,1777925922292404141
1777925922392433431,true,false,3,0,0,0,3,0,0.0,true,1777925922392426209
1777925922492414202,true,false,3,0,0,0,3,0,0.0,true,1777925922492407646
1777925922593416218,true,false,3,0,0,0,3,0,0.0,true,1777925922593408903
1777925922692418373,true,false,3,0,0,0,3,0,0.0,true,1777925922692409910
1777925922792422088,true,false,3,0,0,0,3,0,0.0,true,1777925922792414273
1777925922892420414,true,false,3,0,0,0,3,0,0.0,true,1777925922892413025
1777925922992421852,true,false,3,0,0,0,3,0,0.0,true,1777925922941713055
1777925923092424715,true,false,3,0,0,0,3,0,0.0,true,1777925923092417160
1777925923192294319,true,false,3,0,0,0,3,0,0.0,true,1777925923192287393
1777925923292305404,true,false,3,0,0,0,3,0,0.0,true,1777925923292298367
1777925923392296916,true,false,3,0,0,0,3,0,0.0,true,1777925923392289712
1777925923492296520,true,false,3,0,0,0,3,0,0.0,true,1777925923442485543
1777925923592301420,true,false,3,0,0,0,3,0,0.0,true,1777925923592294031
1777925923692308524,true,false,3,0,0,0,3,0,0.0,true,1777925923692300228
1777925923792310203,true,false,3,0,0,0,3,0,0.0,true,1777925923792302499
1777925923892309584,true,false,3,0,0,0,3,0,0.0,true,1777925923892302214
1777925923992314059,true,false,3,0,0,0,3,0,0.0,true,1777925923992307244
1777925924092315311,true,false,3,0,0,0,3,0,0.0,true,1777925924092306793
1777925924192315526,true,false,3,0,0,0,3,0,0.0,true,1777925924192308341
1777925924292315186,true,false,3,0,0,0,3,0,0.0,true,1777925924292308093
1777925924392317290,true,false,3,0,0,0,3,0,0.0,true,1777925924392309753
1777925924492316931,true,false,3,0,0,0,3,0,0.0,true,1777925924492310394
1777925924592320369,true,false,3,0,0,0,3,0,0.0,true,1777925924592313017
1777925924692324362,true,false,3,0,0,0,3,0,0.0,true,1777925924692317121
1777925924792330503,true,false,3,0,0,0,3,0,0.0,true,1777925924792322021
1777925924892325977,true,false,3,0,0,0,3,0,0.0,true,1777925924892319570
1777925924992330952,true,false,3,0,0,0,3,0,0.0,true,1777925924992322896
1777925925092322834,true,false,3,0,0,0,3,0,0.0,true,1777925925092315463
1777925925192328141,true,false,3,0,0,0,3,0,0.0,true,1777925925192321660
1777925925292328968,true,false,3,0,0,0,3,0,0.0,true,1777925925292321097
1777925925392336516,true,false,3,0,0,0,3,0,0.0,true,1777925925392329590
1777925925492333009,true,false,3,0,0,0,3,0,0.0,true,1777925925492324583
1777925925592344928,true,false,3,0,0,0,3,0,0.0,true,1777925925592337447
1777925925692340458,true,false,3,0,0,0,3,0,0.0,true,1777925925692333106
1777925925792341766,true,false,3,0,0,0,3,0,0.0,true,1777925925741339061
1777925925892344407,true,false,3,0,0,0,3,0,0.0,true,1777925925892337870
1777925925992341215,true,false,3,0,0,0,3,0,0.0,true,1777925925941481288
1777925926092348708,true,false,3,0,0,0,3,0,0.0,true,1777925926092339134
1777925926192345071,true,false,3,0,0,0,3,0,0.0,true,1777925926141340959
1777925926292348768,true,false,3,0,0,0,3,0,0.0,true,1777925926241763713
1777925926392347206,true,false,3,0,0,0,3,0,0.0,true,1777925926341547668
1777925926492366551,true,false,3,0,0,0,3,0,0.0,true,1777925926492352125
1777925926592356506,true,false,3,0,0,0,3,0,0.0,true,1777925926592347988
1777925926692352611,true,false,3,0,0,0,3,0,0.0,true,1777925926641821037
1777925926792356733,true,false,3,0,0,0,3,0,0.0,true,1777925926742550423
1777925926892386189,true,false,3,0,0,0,3,0,0.0,true,1777925926892367337
1777925926992357201,true,false,3,0,0,0,3,0,0.0,true,1777925926992348127
1777925927092371323,true,false,3,0,0,0,3,0,0.0,true,1777925927092359194
1777925927192356353,true,false,3,0,0,0,3,0,0.0,true,1777925927192349242
1777925927292361902,true,false,3,0,0,0,3,0,0.0,true,1777925927292353680
1777925927392361376,true,false,3,0,0,0,3,0,0.0,true,1777925927392354302
1777925927492365740,true,false,3,0,0,0,3,0,0.0,true,1777925927492357980
1777925927592367992,true,false,3,0,0,0,3,0,0.0,true,1777925927592360029
1777925927692367115,true,false,3,0,0,0,3,0,0.0,true,1777925927692359503
1777925927791371473,true,false,3,0,0,0,3,0,0.0,true,1777925927742168351
1777925927892369971,true,false,3,0,0,0,3,0,0.0,true,1777925927892363619
1777925927992369779,true,false,3,0,0,0,3,0,0.0,true,1777925927941677964
1777925928092375809,true,false,3,0,0,0,3,0,0.0,true,1777925928092367327
1777925928192376876,true,false,3,0,0,0,3,0,0.0,true,1777925928192368931
1777925928291376901,true,false,3,0,0,0,3,0,0.0,true,1777925928291369901
1777925928392377973,true,false,3,0,0,0,3,0,0.0,true,1777925928392371084
1777925928492378614,true,false,3,0,0,0,3,0,0.0,true,1777925928441517391
1777925928592382107,true,false,3,0,0,0,3,0,0.0,true,1777925928592375070
1777925928692384859,true,false,3,0,0,0,3,0,0.0,true,1777925928692376674
1777925928791386014,true,false,3,0,0,0,3,0,0.0,true,1777925928741801205
1777925928892386531,true,false,3,0,0,0,3,0,0.0,true,1777925928892380049
1777925928992386005,true,false,3,0,0,0,3,0,0.0,true,1777925928992378653
1777925929092389054,true,false,3,0,0,0,3,0,0.0,true,1777925929092382387
1777925929192386695,true,false,3,0,0,0,3,0,0.0,true,1777925929192378861
1777925929291392886,true,false,3,0,0,0,3,0,0.0,true,1777925929241578835
1777925929392397422,true,false,3,0,0,0,3,0,0.0,true,1777925929392389996
1777925929492397581,true,false,3,0,0,0,3,0,0.0,true,1777925929492389618
1777925929592397556,true,false,3,0,0,0,3,0,0.0,true,1777925929541400739
1777925929692403715,true,false,3,0,0,0,3,0,0.0,true,1777925929641624789
1777925929791405555,true,false,3,0,0,0,3,0,0.0,true,1777925929791397296
1777925929892404090,true,false,3,0,0,0,3,0,0.0,true,1777925929892396035
1777925929992402917,true,false,3,0,0,0,3,0,0.0,true,1777925929992396231
1777925930092406113,true,false,3,0,0,0,3,0,0.0,true,1777925930041403815
1777925930192405736,true,false,3,0,0,0,3,0,0.0,true,1777925930192399551
1777925930291057167,true,false,3,0,0,0,3,0,0.0,true,1777925930242176676
1777925930392408370,true,false,3,0,0,0,3,0,0.0,true,1777925930392401703
1777925930492411363,true,false,3,0,0,0,3,0,0.0,true,1777925930492404715
1777925930592412708,true,false,3,0,0,0,3,0,0.0,true,1777925930592405523
1777925930692417090,true,false,3,0,0,0,3,0,0.0,true,1777925930692410201
1777925930792456157,true,false,3,0,0,0,3,0,0.0,true,1777925930792415898
1777925930892410094,true,false,3,0,0,0,3,0,0.0,true,1777925930841743539
1777925930992426662,true,false,3,0,0,0,3,0,0.0,true,1777925930992419310
1777925931092418729,true,false,3,0,0,0,3,0,0.0,true,1777925931092411414
1777925931192423425,true,false,3,0,0,0,3,0,0.0,true,1777925931192415759
1777925931292419992,true,false,3,0,0,0,3,0,0.0,true,1777925931292414585
1777925931392429522,true,false,3,0,0,0,3,0,0.0,true,1777925931392422171
1777925931492427201,true,false,3,0,0,0,3,0,0.0,true,1777925931492420423
1777925931592432101,true,false,3,0,0,0,3,0,0.0,true,1777925931592423619
1777925931692308149,true,false,3,0,0,0,3,0,0.0,true,1777925931692299241
1777925931792312938,true,false,3,0,0,0,3,0,0.0,true,1777925931792304438
1777925931892309561,true,false,3,0,0,0,3,0,0.0,true,1777925931892301487
1777925931992434758,true,false,3,0,0,0,3,0,0.0,true,1777925931992428203
1777925932092312436,true,false,3,0,0,0,3,0,0.0,true,1777925932041882011
1777925932192310929,true,false,3,0,0,0,3,0,0.0,true,1777925932141654947
1777925932292331996,true,false,3,0,0,0,3,0,0.0,true,1777925932292323570
1777925932392322526,true,false,3,0,0,0,3,0,0.0,true,1777925932392314618
1777925932492315667,true,false,3,0,0,0,3,0,0.0,true,1777925932492308704
1777925932592318345,true,false,3,0,0,0,3,0,0.0,true,1777925932541700716
1777925932692318023,true,false,3,0,0,0,3,0,0.0,true,1777925932642456620
1777925932792323202,true,false,3,0,0,0,3,0,0.0,true,1777925932792314998
1777925932892323454,true,false,3,0,0,0,3,0,0.0,true,1777925932892314213
1777925932992321502,true,false,3,0,0,0,3,0,0.0,true,1777925932992314650
1777925933092342755,true,false,3,0,0,0,3,0,0.0,true,1777925933092334903
1777925933192332655,true,false,3,0,0,0,3,0,0.0,true,1777925933192324136
1777925933292329722,true,false,3,0,0,0,3,0,0.0,true,1777925933241325461
1777925933392330030,true,false,3,0,0,0,3,0,0.0,true,1777925933341774549
1777925933492332264,true,false,3,0,0,0,3,0,0.0,true,1777925933442320749
1777925933592338405,true,false,3,0,0,0,3,0,0.0,true,1777925933592330034
1777925933692339990,true,false,3,0,0,0,3,0,0.0,true,1777925933692331250
1777925933792347020,true,false,3,0,0,0,3,0,0.0,true,1777925933792337280
1777925933892339439,true,false,3,0,0,0,3,0,0.0,true,1777925933892332828
1777925933992344266,true,false,3,0,0,0,3,0,0.0,true,1777925933992335395
1777925934092342611,true,false,3,0,0,0,3,0,0.0,true,1777925934092335536
1777925934192347400,true,false,3,0,0,0,3,0,0.0,true,1777925934192340011
1777925934292343652,true,false,3,0,0,0,3,0,0.0,true,1777925934241634300
1777925934392350738,true,false,3,0,0,0,3,0,0.0,true,1777925934392341997
1777925934492353805,true,false,3,0,0,0,3,0,0.0,true,1777925934492344749
1777925934592345038,true,false,3,0,0,0,3,0,0.0,true,1777925934541355444
1777925934692352661,true,false,3,0,0,0,3,0,0.0,true,1777925934642655796
1777925934792354376,true,false,3,0,0,0,3,0,0.0,true,1777925934792343191
1777925934893357800,true,false,3,0,0,0,3,0,0.0,true,1777925934893349615
1777925934992355270,true,false,3,0,0,0,3,0,0.0,true,1777925934992345844
1777925935092363022,true,false,3,0,0,0,3,0,0.0,true,1777925935092354281
1777925935192389386,true,false,3,0,0,0,3,0,0.0,true,1777925935192380811
1777925935292363064,true,false,3,0,0,0,3,0,0.0,true,1777925935292355008
1777925935392364557,true,false,3,0,0,0,3,0,0.0,true,1777925935392356038
1777925935492372864,true,false,3,0,0,0,3,0,0.0,true,1777925935492363475
1777925935592368968,true,false,3,0,0,0,3,0,0.0,true,1777925935592359820
1777925935692381295,true,false,3,0,0,0,3,0,0.0,true,1777925935692372221
1777925935792371510,true,false,3,0,0,0,3,0,0.0,true,1777925935742361143
1777925935892371170,true,false,3,0,0,0,3,0,0.0,true,1777925935841783429
1777925935992369274,true,false,3,0,0,0,3,0,0.0,true,1777925935942360296
1777925936092375563,true,false,3,0,0,0,3,0,0.0,true,1777925936092367767
1777925936192378315,true,false,3,0,0,0,3,0,0.0,true,1777925936192369186
1777925936292378105,true,false,3,0,0,0,3,0,0.0,true,1777925936292370179
1777925936392378153,true,false,3,0,0,0,3,0,0.0,true,1777925936342372805
1777925936491378345,true,false,3,0,0,0,3,0,0.0,true,1777925936491370678
1777925936592381473,true,false,3,0,0,0,3,0,0.0,true,1777925936592373880
1777925936692380928,true,false,3,0,0,0,3,0,0.0,true,1777925936692371614
1777925936792387940,true,false,3,0,0,0,3,0,0.0,true,1777925936792378699
1777925936892386359,true,false,3,0,0,0,3,0,0.0,true,1777925936892377155
1777925936992387667,true,false,3,0,0,0,3,0,0.0,true,1777925936942378392
1777925937092388715,true,false,3,0,0,0,3,0,0.0,true,1777925937042385256
1777925937192390838,true,false,3,0,0,0,3,0,0.0,true,1777925937142386434
1777925937292395405,true,false,3,0,0,0,3,0,0.0,true,1777925937292386516
1777925937392393898,true,false,3,0,0,0,3,0,0.0,true,1777925937392386342
1777925937492394632,true,false,3,0,0,0,3,0,0.0,true,1777925937492387354
1777925937592402032,true,false,3,0,0,0,3,0,0.0,true,1777925937592394940
1777925937692406933,true,false,3,0,0,0,3,0,0.0,true,1777925937692396747
1777925937792403926,true,false,3,0,0,0,3,0,0.0,true,1777925937792394203
1777925937892403178,true,false,3,0,0,0,3,0,0.0,true,1777925937892395400
1777925937992402708,true,false,3,0,0,0,3,0,0.0,true,1777925937992395356
1777925938091412474,true,false,3,0,0,0,3,0,0.0,true,1777925938091403677
1777925938191407337,true,false,3,0,0,0,3,0,0.0,true,1777925938191400800
1777925938292407891,true,false,3,0,0,0,3,0,0.0,true,1777925938292401631
1777925938391407082,true,false,3,0,0,0,3,0,0.0,true,1777925938342403554
1777925938491403260,true,false,3,0,0,0,3,0,0.0,true,1777925938442402973
1777925938592416462,true,false,3,0,0,0,3,0,0.0,true,1777925938592409684
1777925938692414196,true,false,3,0,0,0,3,0,0.0,true,1777925938692404714
1777925938792410281,true,false,3,0,0,0,3,0,0.0,true,1777925938742401933
1777925938892416274,true,false,3,0,0,0,3,0,0.0,true,1777925938842602686
1777925938991417929,true,false,3,0,0,0,3,0,0.0,true,1777925938991410540
1777925939091420237,true,false,3,0,0,0,3,0,0.0,true,1777925939042415042
1777925939191421971,true,false,3,0,0,0,3,0,0.0,true,1777925939191414211
1777925939291424445,true,false,3,0,0,0,3,0,0.0,true,1777925939291415686
1777925939391428512,true,false,3,0,0,0,3,0,0.0,true,1777925939391421068
1777925939491425857,true,false,3,0,0,0,3,0,0.0,true,1777925939491417968
1777925939591426387,true,false,3,0,0,0,3,0,0.0,true,1777925939542428210
1777925939691302435,true,false,3,0,0,0,3,0,0.0,true,1777925939642687594
1777925939791449503,true,false,3,0,0,0,3,0,0.0,true,1777925939791434206
1777925939891309421,true,false,3,0,0,0,3,0,0.0,true,1777925939891302458
1777925939991451063,true,false,3,0,0,0,3,0,0.0,true,1777925939991438452
1777925940092314005,true,false,3,0,0,0,3,0,0.0,true,1777925940092305190
1777925940191315789,true,false,3,0,0,0,3,0,0.0,true,1777925940142308557
1777925940291444023,true,false,3,0,0,0,3,0,0.0,true,1777925940291435727
1777925940391312812,true,false,3,0,0,0,3,0,0.0,true,1777925940391305071
1777925940491317934,true,false,3,0,0,0,3,0,0.0,true,1777925940491310916
1777925940591310650,true,false,3,0,0,0,3,0,0.0,true,1777925940542311992
1777925940691319476,true,false,3,0,0,0,3,0,0.0,true,1777925940691311809
1777925940791323636,true,false,3,0,0,0,3,0,0.0,true,1777925940791315839
1777925940891321962,true,false,3,0,0,0,3,0,0.0,true,1777925940841800246
1777925940991328733,true,false,3,0,0,0,3,0,0.0,true,1777925940942586835
1777925941091330559,true,false,3,0,0,0,3,0,0.0,true,1777925941042326512
1777925941191326867,true,false,3,0,0,0,3,0,0.0,true,1777925941191318996
1777925941291333656,true,false,3,0,0,0,3,0,0.0,true,1777925941291324675
1777925941391336131,true,false,3,0,0,0,3,0,0.0,true,1777925941391327131
1777925941491336735,true,false,3,0,0,0,3,0,0.0,true,1777925941491328624
1777925941591000226,true,false,3,0,0,0,3,0,0.0,true,1777925941542331644
1777925941691335073,true,false,3,0,0,0,3,0,0.0,true,1777925941691328258
1777925941791333825,true,false,3,0,0,0,3,0,0.0,true,1777925941742338685
1777925941891337133,true,false,3,0,0,0,3,0,0.0,true,1777925941891329596
1777925941991358218,true,false,3,0,0,0,3,0,0.0,true,1777925941991348163
1777925942091344915,true,false,3,0,0,0,3,0,0.0,true,1777925942042345294
1777925942191341927,true,false,3,0,0,0,3,0,0.0,true,1777925942142662770
1777925942291356142,true,false,3,0,0,0,3,0,0.0,true,1777925942291347938
1777925942391367857,true,false,3,0,0,0,3,0,0.0,true,1777925942391356487
1777925942491341850,true,false,3,0,0,0,3,0,0.0,true,1777925942491334202
1777925942591349232,true,false,3,0,0,0,3,0,0.0,true,1777925942591341621
1777925942691347040,true,false,3,0,0,0,3,0,0.0,true,1777925942642477382
1777925942791352310,true,false,3,0,0,0,3,0,0.0,true,1777925942791345292
1777925942891354063,true,false,3,0,0,0,3,0,0.0,true,1777925942891346137
1777925942991363815,true,false,3,0,0,0,3,0,0.0,true,1777925942991353815
1777925943091351475,true,false,3,0,0,0,3,0,0.0,true,1777925943091344086
1777925943191367894,true,false,3,0,0,0,3,0,0.0,true,1777925943191357912
1777925943291358887,true,false,3,0,0,0,3,0,0.0,true,1777925943242360284
1777925943391361713,true,false,3,0,0,0,3,0,0.0,true,1777925943342807113
1777925943491362298,true,false,3,0,0,0,3,0,0.0,true,1777925943442626864
1777925943591366903,true,false,3,0,0,0,3,0,0.0,true,1777925943591357236
1777925943691369025,true,false,3,0,0,0,3,0,0.0,true,1777925943691359729
1777925943791371389,true,false,3,0,0,0,3,0,0.0,true,1777925943791363963
1777925943891367308,true,false,3,0,0,0,3,0,0.0,true,1777925943842367335
1777925943991368634,true,false,3,0,0,0,3,0,0.0,true,1777925943991361763
1777925944091372256,true,false,3,0,0,0,3,0,0.0,true,1777925944091364997
1777925944191375379,true,false,3,0,0,0,3,0,0.0,true,1777925944191367157
1777925944291370891,true,false,3,0,0,0,3,0,0.0,true,1777925944291362835
1777925944391378458,true,false,3,0,0,0,3,0,0.0,true,1777925944391371291
1777925944491372691,true,false,3,0,0,0,3,0,0.0,true,1777925944442375422
1777925944591387018,true,false,3,0,0,0,3,0,0.0,true,1777925944542372360
1777925944691380492,true,false,3,0,0,0,3,0,0.0,true,1777925944642377631
1777925944791403893,true,false,3,0,0,0,3,0,0.0,true,1777925944791396671
1777925944891384978,true,false,3,0,0,0,3,0,0.0,true,1777925944891377515
1777925944991387712,true,false,3,0,0,0,3,0,0.0,true,1777925944991380342
1777925945091385724,true,false,3,0,0,0,3,0,0.0,true,1777925945042757549
1777925945191386605,true,false,3,0,0,0,3,0,0.0,true,1777925945142540041
1777925945291390580,true,false,3,0,0,0,3,0,0.0,true,1777925945291383302
1777925945391395647,true,false,3,0,0,0,3,0,0.0,true,1777925945391387462
1777925945491393344,true,false,3,0,0,0,3,0,0.0,true,1777925945491385381
1777925945591392633,true,false,3,0,0,0,3,0,0.0,true,1777925945542563272
1777925945691398570,true,false,3,0,0,0,3,0,0.0,true,1777925945691391385
1777925945791398452,true,false,3,0,0,0,3,0,0.0,true,1777925945791390137
1777925945891401501,true,false,3,0,0,0,3,0,0.0,true,1777925945891395019
1777925945991408901,true,false,3,0,0,0,3,0,0.0,true,1777925945991399698
1777925946091405616,true,false,3,0,0,0,3,0,0.0,true,1777925946091397653
1777925946191398980,true,false,3,0,0,0,3,0,0.0,true,1777925946191391758
1777925946291406362,true,false,3,0,0,0,3,0,0.0,true,1777925946291399380
1777925946391404670,true,false,3,0,0,0,3,0,0.0,true,1777925946391397299
1777925946491409422,true,false,3,0,0,0,3,0,0.0,true,1777925946491402107
1777925946591412304,true,false,3,0,0,0,3,0,0.0,true,1777925946542400923
1777925946691408704,true,false,3,0,0,0,3,0,0.0,true,1777925946642402416
1777925946791411845,true,false,3,0,0,0,3,0,0.0,true,1777925946742409224
1777925946891419227,true,false,3,0,0,0,3,0,0.0,true,1777925946891411505
1777925946991416813,true,false,3,0,0,0,3,0,0.0,true,1777925946991409053
1777925947091421639,true,false,3,0,0,0,3,0,0.0,true,1777925947091413028
1777925947191423391,true,false,3,0,0,0,3,0,0.0,true,1777925947142411881
1777925947291421181,true,false,3,0,0,0,3,0,0.0,true,1777925947291413995
1777925947391422248,true,false,3,0,0,0,3,0,0.0,true,1777925947391414859
1777925947491426130,true,false,3,0,0,0,3,0,0.0,true,1777925947491417574
1777925947591428086,true,false,3,0,0,0,3,0,0.0,true,1777925947591421511
1777925947691455449,true,false,3,0,0,0,3,0,0.0,true,1777925947691448116
1777925947791432479,true,false,3,0,0,0,3,0,0.0,true,1777925947791424701
1777925947891306897,true,false,3,0,0,0,3,0,0.0,true,1777925947891299879
1777925947991303205,true,false,3,0,0,0,3,0,0.0,true,1777925947942436085
1777925948091308198,true,false,3,0,0,0,3,0,0.0,true,1777925948042307947
1777925948191305580,true,false,3,0,0,0,3,0,0.0,true,1777925948191298469
1777925948291437018,true,false,3,0,0,0,3,0,0.0,true,1777925948291428444
1777925948391310103,true,false,3,0,0,0,3,0,0.0,true,1777925948342847022
1777925948491312744,true,false,3,0,0,0,3,0,0.0,true,1777925948442588995
1777925948591323033,true,false,3,0,0,0,3,0,0.0,true,1777925948591314163
1777925948691319434,true,false,3,0,0,0,3,0,0.0,true,1777925948642317331
1777925948791320149,true,false,3,0,0,0,3,0,0.0,true,1777925948791313186
1777925948891322661,true,false,3,0,0,0,3,0,0.0,true,1777925948891314698
1777925948991326339,true,false,3,0,0,0,3,0,0.0,true,1777925948991319191
1777925949091322406,true,false,3,0,0,0,3,0,0.0,true,1777925949042334563
1777925949191326565,true,false,3,0,0,0,3,0,0.0,true,1777925949142328833
1777925949291331651,true,false,3,0,0,0,3,0,0.0,true,1777925949242321326
1777925949391334366,true,false,3,0,0,0,3,0,0.0,true,1777925949391326903
1777925949491329970,true,false,3,0,0,0,3,0,0.0,true,1777925949491323193
1777925949591334297,true,false,3,0,0,0,3,0,0.0,true,1777925949591326278
1777925949691333530,true,false,3,0,0,0,3,0,0.0,true,1777925949642322946
1777925949791333098,true,false,3,0,0,0,3,0,0.0,true,1777925949742477885
1777925949891347794,true,false,3,0,0,0,3,0,0.0,true,1777925949891339868
1777925949991342195,true,false,3,0,0,0,3,0,0.0,true,1777925949991334287
1777925950091333632,true,false,3,0,0,0,3,0,0.0,true,1777925950091326225
1777925950191339255,true,false,3,0,0,0,3,0,0.0,true,1777925950142338708
1777925950291345322,true,false,3,0,0,0,3,0,0.0,true,1777925950291337581
1777925950391345333,true,false,3,0,0,0,3,0,0.0,true,1777925950391338463
1777925950491358012,true,false,3,0,0,0,3,0,0.0,true,1777925950442807985
1777925950591349412,true,false,3,0,0,0,3,0,0.0,true,1777925950542577199
1777925950691351923,true,false,3,0,0,0,3,0,0.0,true,1777925950691343220
1777925950791353046,true,false,3,0,0,0,3,0,0.0,true,1777925950791345342
1777925950892354433,true,false,3,0,0,0,3,0,0.0,true,1777925950892346600
1777925950991358032,true,false,3,0,0,0,3,0,0.0,true,1777925950991351106
1777925951091353951,true,false,3,0,0,0,3,0,0.0,true,1777925951091347192
1777925951191358388,true,false,3,0,0,0,3,0,0.0,true,1777925951191349888
1777925951291356085,true,false,3,0,0,0,3,0,0.0,true,1777925951242908189
1777925951391358745,true,false,3,0,0,0,3,0,0.0,true,1777925951342670662
1777925951491360590,true,false,3,0,0,0,3,0,0.0,true,1777925951491353478
1777925951591365212,true,false,3,0,0,0,3,0,0.0,true,1777925951591357046
1777925951691369409,true,false,3,0,0,0,3,0,0.0,true,1777925951691359872
1777925951791361217,true,false,3,0,0,0,3,0,0.0,true,1777925951791353180
1777925951892385696,true,false,3,0,0,0,3,0,0.0,true,1777925951892378196
1777925951991365332,true,false,3,0,0,0,3,0,0.0,true,1777925951942359582
1777925952091370548,true,false,3,0,0,0,3,0,0.0,true,1777925952042372223
1777925952191370596,true,false,3,0,0,0,3,0,0.0,true,1777925952141753824
1777925952291371923,true,false,3,0,0,0,3,0,0.0,true,1777925952242376061
1777925952392381717,true,false,3,0,0,0,3,0,0.0,true,1777925952392374124
1777925952491379149,true,false,3,0,0,0,3,0,0.0,true,1777925952491371483
1777925952592382407,true,false,3,0,0,0,3,0,0.0,true,1777925952592372925
1777925952691382654,true,false,3,0,0,0,3,0,0.0,true,1777925952641545880
1777925952791379017,true,false,3,0,0,0,3,0,0.0,true,1777925952791372536
1777925952892385941,true,false,3,0,0,0,3,0,0.0,true,1777925952892377182
1777925952991385040,true,false,3,0,0,0,3,0,0.0,true,1777925952991377744
1777925953091387978,true,false,3,0,0,0,3,0,0.0,true,1777925953042390412
1777925953191386989,true,false,3,0,0,0,3,0,0.0,true,1777925953142387998
1777925953291391278,true,false,3,0,0,0,3,0,0.0,true,1777925953242390528
1777925953391396420,true,false,3,0,0,0,3,0,0.0,true,1777925953342382947
1777925953491391098,true,false,3,0,0,0,3,0,0.0,true,1777925953442615459
1777925953591399202,true,false,3,0,0,0,3,0,0.0,true,1777925953591389850
1777925953691397787,true,false,3,0,0,0,3,0,0.0,true,1777925953691389399
1777925953791392188,true,false,3,0,0,0,3,0,0.0,true,1777925953742394474
1777925953891391681,true,false,3,0,0,0,3,0,0.0,true,1777925953842659913
1777925953991393248,true,false,3,0,0,0,3,0,0.0,true,1777925953991386452
1777925954091402852,true,false,3,0,0,0,3,0,0.0,true,1777925954091394871
1777925954191404530,true,false,3,0,0,0,3,0,0.0,true,1777925954191397123
1777925954291404616,true,false,3,0,0,0,3,0,0.0,true,1777925954291396745
1777925954391404461,true,false,3,0,0,0,3,0,0.0,true,1777925954391397887
1777925954491409639,true,false,3,0,0,0,3,0,0.0,true,1777925954491401935
1777925954591412817,true,false,3,0,0,0,3,0,0.0,true,1777925954591403095
1777925954691408829,true,false,3,0,0,0,3,0,0.0,true,1777925954642414448
1777925954791422007,true,false,3,0,0,0,3,0,0.0,true,1777925954791414581
1777925954891417537,true,false,3,0,0,0,3,0,0.0,true,1777925954891409852
1777925954991413382,true,false,3,0,0,0,3,0,0.0,true,1777925954942413705
1777925955091415597,true,false,3,0,0,0,3,0,0.0,true,1777925955042807848
1777925955191422664,true,false,3,0,0,0,3,0,0.0,true,1777925955191415590
1777925955291420675,true,false,3,0,0,0,3,0,0.0,true,1777925955291413620
1777925955391421668,true,false,3,0,0,0,3,0,0.0,true,1777925955391414724
1777925955491419439,true,false,3,0,0,0,3,0,0.0,true,1777925955442430522
1777925955591428562,true,false,3,0,0,0,3,0,0.0,true,1777925955542432441
1777925955691428110,true,false,3,0,0,0,3,0,0.0,true,1777925955691419240
1777925955791433622,true,false,3,0,0,0,3,0,0.0,true,1777925955791424085
1777925955891426652,true,false,3,0,0,0,3,0,0.0,true,1777925955891418485
1777925955991428552,true,false,3,0,0,0,3,0,0.0,true,1777925955942630451
1777925956091435675,true,false,3,0,0,0,3,0,0.0,true,1777925956091427545
1777925956191434761,true,false,3,0,0,0,3,0,0.0,true,1777925956141433634
1777925956292434592,true,false,3,0,0,0,3,0,0.0,true,1777925956292428203
1777925956391439802,true,false,3,0,0,0,3,0,0.0,true,1777925956342433051
1777925956491437721,true,false,3,0,0,0,3,0,0.0,true,1777925956491430147
1777925956591317843,true,false,3,0,0,0,3,0,0.0,true,1777925956591309232
1777925956691315984,true,false,3,0,0,0,3,0,0.0,true,1777925956642319604
1777925956791316681,true,false,3,0,0,0,3,0,0.0,true,1777925956742703025
1777925956891321322,true,false,3,0,0,0,3,0,0.0,true,1777925956841452437
1777925956991323130,true,false,3,0,0,0,3,0,0.0,true,1777925956991315834
1777925957091320549,true,false,3,0,0,0,3,0,0.0,true,1777925957091313993
1777925957191322653,true,false,3,0,0,0,3,0,0.0,true,1777925957141319527
1777925957291325905,true,false,3,0,0,0,3,0,0.0,true,1777925957242318951
1777925957391327787,true,false,3,0,0,0,3,0,0.0,true,1777925957341317920
1777925957491322780,true,false,3,0,0,0,3,0,0.0,true,1777925957442333289
1777925957591327051,true,false,3,0,0,0,3,0,0.0,true,1777925957542322522
1777925957691324729,true,false,3,0,0,0,3,0,0.0,true,1777925957642536165
1777925957791330722,true,false,3,0,0,0,3,0,0.0,true,1777925957791322148
1777925957891335845,true,false,3,0,0,0,3,0,0.0,true,1777925957891328845
1777925957991337430,true,false,3,0,0,0,3,0,0.0,true,1777925957941332952
1777925958091333738,true,false,3,0,0,0,3,0,0.0,true,1777925958042604433
1777925958191342213,true,false,3,0,0,0,3,0,0.0,true,1777925958191333453
1777925958291342724,true,false,3,0,0,0,3,0,0.0,true,1777925958291335817
1777925958391348069,true,false,3,0,0,0,3,0,0.0,true,1777925958341344183
1777925958491343858,true,false,3,0,0,0,3,0,0.0,true,1777925958441338269
1777925958591347129,true,false,3,0,0,0,3,0,0.0,true,1777925958591339147
1777925958691344789,true,false,3,0,0,0,3,0,0.0,true,1777925958641340014
1777925958791346004,true,false,3,0,0,0,3,0,0.0,true,1777925958741898843
1777925958891349126,true,false,3,0,0,0,3,0,0.0,true,1777925958841662576
1777925958991351731,true,false,3,0,0,0,3,0,0.0,true,1777925958991345323
1777925959091356890,true,false,3,0,0,0,3,0,0.0,true,1777925959091347761
1777925959191355494,true,false,3,0,0,0,3,0,0.0,true,1777925959191347809
