timestamp_ns,node_id,axis_error,axis_state,procedure_result,trajectory_done,pos_estimate,vel_estimate,shadow_count,count_cpr,iq_setpoint,iq_measured,bus_voltage,bus_current,active_errors,disarm_reason,torque_target,torque_estimate,electrical_power,mechanical_power,fet_temp,motor_temp,timestamp_ns
1777874400022680834,31,0,1,0,true,-0.0004942119121551514,0.07058057934045792,0,0,0.0,0.0,47.652339935302734,0.0,0,0,-0.013351722620427608,0.0,0.0,0.0,31.03118896484375,,1777874400009335408
1777874400123401430,31,0,1,0,true,-0.0009012818336486816,-0.1422564536333084,0,0,0.0,0.0,47.61533737182617,0.0,0,0,0.02711012028157711,0.0,0.0,0.0,31.030731201171875,,1777874400108580389
1777874400223146376,31,0,1,0,true,-0.00026291608810424805,0.09252998977899551,0,0,0.0,0.0,47.59851837158203,0.0,0,0,-0.01221604086458683,0.0,0.0,0.0,31.02972412109375,,1777874400208575520
1777874400322802747,31,0,1,0,true,-0.000612795352935791,-0.012776517309248447,0,0,0.0,0.0,47.61870193481445,0.0,0,0,0.005480327643454075,0.0,0.0,0.0,31.029693603515625,,1777874400308578967
1777874400422515637,31,0,1,0,true,-0.000815272331237793,-0.0834043100476265,0,0,0.0,0.0,47.635520935058594,0.0,0,0,0.01416018046438694,0.0,0.0,0.0,31.03009033203125,,1777874400408600320
1777874400523226604,31,0,1,0,true,-0.0006181895732879639,-0.023032238706946373,0,0,0.0,0.0,47.64561080932617,0.0,0,0,0.007047426421195269,0.0,0.0,0.0,31.03057861328125,,1777874400508585915
1777874400622998013,31,0,1,0,true,-0.0006818473339080811,0.009623617865145206,0,0,0.0,0.0,47.6893424987793,0.0,0,0,0.0016817577416077256,0.0,0.0,0.0,31.030609130859375,,1777874400608588658
1777874400722687162,31,0,1,0,true,-0.00038826465606689453,0.07853776216506958,0,0,0.0,0.0,47.6893424987793,0.0,0,0,-0.01248876377940178,0.0,0.0,0.0,31.030609130859375,,1777874400708602382
1777874400823341962,31,0,1,0,true,-0.0007213354110717773,-0.03242374211549759,0,0,0.0,0.0,47.682613372802734,0.0,0,0,0.0026607420295476913,0.0,0.0,0.0,31.03216552734375,,1777874400808589124
1777874400923088685,31,0,1,0,true,-0.000682532787322998,-0.028713354840874672,0,0,0.0,0.0,47.6590690612793,0.0,0,0,0.002847003284841776,0.0,0.0,0.0,31.0311279296875,,1777874400909416777
1777874401022767223,31,0,1,0,true,-0.0005354583263397217,0.06242586299777031,0,0,0.0,0.0,47.672523498535156,0.0,0,0,-0.00904535036534071,0.0,0.0,0.0,31.03167724609375,,1777874401008591850
1777874401122459909,31,0,1,0,true,-0.0006426572799682617,-0.05172448232769966,0,0,0.0,0.0,47.64561080932617,0.0,0,0,0.01250967662781477,0.0,0.0,0.0,31.030059814453125,,1777874401108601074
1777874401223168802,31,0,1,0,true,-0.0005966722965240479,0.02165255695581436,0,0,0.0,0.0,47.665794372558594,0.0,0,0,-0.0010881604393944144,0.0,0.0,0.0,31.030914306640625,,1777874401208605595
1777874401322891229,31,0,1,0,true,-0.0007171928882598877,-0.05121782794594765,0,0,0.0,0.0,47.669158935546875,0.0,0,0,0.010903913527727127,0.0,0.0,0.0,31.031646728515625,,1777874401308598560
1777874401422593841,31,0,1,0,true,-0.0007037222385406494,-0.07331254333257675,0,0,0.0,0.0,47.67588806152344,0.0,0,0,0.014791044406592846,0.0,0.0,0.0,31.030609130859375,,1777874401408595599
1777874401523292697,31,0,1,0,true,-0.0006017982959747314,0.02956506609916687,0,0,0.0,0.0,47.67588806152344,0.0,0,0,-0.0050290669314563274,0.0,0.0,0.0,31.031982421875,,1777874401508603008
1777874401623019235,31,0,1,0,true,-0.000640869140625,0.014529792591929436,0,0,0.0,0.0,47.685977935791016,0.0,0,0,0.00044449983397498727,0.0,0.0,0.0,31.031097412109375,,1777874401608609436
1777874401722716384,31,0,1,0,true,-0.0003758072853088379,0.11863677203655243,0,0,0.0,0.0,47.67588806152344,0.0,0,0,-0.01751532219350338,0.0,0.0,0.0,31.0316162109375,,1777874401708605789
1777874401822422311,31,0,1,0,true,-0.0005201995372772217,0.08378669619560242,0,0,0.0,0.0,47.64561080932617,0.0,0,0,-0.01603974774479866,0.0,0.0,0.0,31.030181884765625,,1777874401808602143
1777874401923174130,31,0,1,0,true,-0.0005400180816650391,0.07841108739376068,0,0,0.0,0.0,47.652339935302734,0.0,0,0,-0.014294345863163471,0.0,0.0,0.0,31.0299072265625,,1777874401908619349
1777874402022851427,31,0,1,0,true,-0.0005169510841369629,0.050441622734069824,0,0,0.0,0.0,47.682613372802734,0.0,0,0,-0.007980193011462688,0.0,0.0,0.0,31.030120849609375,,1777874402008611295
1777874402122559021,31,0,1,0,true,-0.0007421374320983887,-0.039755091071128845,0,0,0.0,0.0,47.67588806152344,0.0,0,0,0.007249561604112387,0.0,0.0,0.0,31.0311279296875,,1777874402108604315
1777874402223317821,31,0,1,0,true,-0.0004909038543701172,0.056741103529930115,0,0,0.0,0.0,47.67924880981445,0.0,0,0,-0.009749270044267178,0.0,0.0,0.0,31.0313720703125,,1777874402208620336
1777874402322969507,31,0,1,0,true,-0.00046247243881225586,0.06161005049943924,0,0,0.0,0.0,47.69270706176758,0.0,0,0,-0.011235249228775501,0.0,0.0,0.0,31.03070068359375,,1777874402308619856
1777874402422686860,31,0,1,0,true,-0.0006143152713775635,0.004713679663836956,0,0,0.0,0.0,47.696067810058594,0.0,0,0,-0.0012222551740705967,0.0,0.0,0.0,31.0321044921875,,1777874402408618580
1777874402522798733,31,0,1,0,true,-0.0004819631576538086,0.06843850016593933,0,0,0.0,0.0,47.699432373046875,0.0,0,0,-0.006392315495759249,0.0,0.0,0.0,31.03082275390625,,1777874402508628230
1777874402623174829,31,0,1,0,true,-0.00046634674072265625,0.02854437194764614,0,0,0.0,0.0,47.696067810058594,0.0,0,0,-0.0033676763996481895,0.0,0.0,0.0,31.030364990234375,,1777874402608627603
1777874402722853385,31,0,1,0,true,-0.00042238831520080566,0.0407707542181015,0,0,0.0,0.0,47.70616149902344,0.0,0,0,-0.0019261061679571867,0.0,0.0,0.0,31.030242919921875,,1777874402708610160
1777874402822511979,31,0,1,0,true,-0.0004896819591522217,0.03144264593720436,0,0,0.0,0.0,47.67588806152344,0.0,0,0,-0.0017738704336807132,0.0,0.0,0.0,31.030364990234375,,1777874402808626532
1777874402923221482,31,0,1,0,true,-0.0005936026573181152,0.03416211158037186,0,0,0.0,0.0,47.69270706176758,0.0,0,0,-0.004341512452811003,0.0,0.0,0.0,31.030792236328125,,1777874402908623793
1777874403022513056,31,0,1,0,true,-0.0007548928260803223,-0.03744170069694519,0,0,0.0,0.0,47.699432373046875,0.0,0,0,0.004068606533110142,0.0,0.0,0.0,31.030364990234375,,1777874403008628443
1777874403122666374,31,0,1,0,true,-0.0005557835102081299,0.01973036117851734,0,0,0.0,0.0,47.685977935791016,0.0,0,0,-0.0012098089791834354,0.0,0.0,0.0,31.03131103515625,,1777874403108638057
1777874403223360248,31,0,1,0,true,-0.0006708204746246338,0.03269439563155174,0,0,0.0,0.0,47.70616149902344,0.0,0,0,-0.004406801890581846,0.0,0.0,0.0,31.0325927734375,,1777874403208619355
1777874403323064341,31,0,1,0,true,-0.0006624758243560791,-0.007993226870894432,0,0,0.0,0.0,47.70616149902344,0.0,0,0,0.004956497345119715,0.0,0.0,0.0,31.031097412109375,,1777874403308623468
1777874403422777250,31,0,1,0,true,-0.0006774663925170898,-0.007184825837612152,0,0,0.0,0.0,47.672523498535156,0.0,0,0,-0.0005669769598171115,0.0,0.0,0.0,31.03131103515625,,1777874403408625562
1777874403522714400,31,0,1,0,true,-0.0008415281772613525,-0.07345402240753174,0,0,0.0,0.0,47.6893424987793,0.0,0,0,0.01454328466206789,0.0,0.0,0.0,31.030029296875,,1777874403508618045
1777874403623191125,31,0,1,0,true,-0.0006331503391265869,0.007526339963078499,0,0,0.0,0.0,47.69270706176758,0.0,0,0,-0.002065932145342231,0.0,0.0,0.0,31.030731201171875,,1777874403608641510
1777874403722902960,31,0,1,0,true,-0.0005643665790557861,0.019965102896094322,0,0,0.0,0.0,47.6893424987793,0.0,0,0,-0.0014221837045624852,0.0,0.0,0.0,31.030548095703125,,1777874403708628994
1777874403822659516,31,0,1,0,true,-0.0007214248180389404,-0.06475546956062317,0,0,0.0,0.0,47.69270706176758,0.0,0,0,0.013031183741986752,0.0,0.0,0.0,31.030303955078125,,1777874403808632144
1777874403923318798,31,0,1,0,true,-0.000628054141998291,-0.013670546002686024,0,0,0.0,0.0,47.682613372802734,0.0,0,0,0.004046011716127396,0.0,0.0,0.0,31.030548095703125,,1777874403908618034
1777874404023277114,31,0,1,0,true,-0.0006225407123565674,-0.021817747503519058,0,0,0.0,0.0,47.682613372802734,0.0,0,0,0.004217263776808977,0.0,0.0,0.0,31.032501220703125,,1777874404008662629
1777874404122737522,31,0,1,0,true,-0.0005981922149658203,0.0029479924123734236,0,0,0.0,0.0,47.699432373046875,0.0,0,0,0.0019397243158891797,0.0,0.0,0.0,31.032073974609375,,1777874404108627538
1777874404222454468,31,0,1,0,true,-0.0006860792636871338,-0.04109612852334976,0,0,0.0,0.0,47.702796936035156,0.0,0,0,0.008614689111709595,0.0,0.0,0.0,31.032318115234375,,1777874404208635373
1777874404323190898,31,0,1,0,true,-0.0005916953086853027,0.023567453026771545,0,0,0.0,0.0,47.69270706176758,0.0,0,0,-0.000026973204512614757,0.0,0.0,0.0,31.031951904296875,,1777874404308640838
1777874404422857158,31,0,1,0,true,-0.0006394386291503906,-0.015615195035934448,0,0,0.0,0.0,47.696067810058594,0.0,0,0,0.005403274670243263,0.0,0.0,0.0,31.03131103515625,,1777874404408644970
1777874404522576566,31,0,1,0,true,-0.0005286037921905518,0.04408258944749832,0,0,0.0,0.0,47.699432373046875,0.0,0,0,-0.0071791126392781734,0.0,0.0,0.0,31.031219482421875,,1777874404508636916
1777874404623291329,31,0,1,0,true,-0.0005137622356414795,0.008606662973761559,0,0,0.0,0.0,47.699432373046875,0.0,0,0,0.0014675128040835261,0.0,0.0,0.0,31.03179931640625,,1777874404608647344
1777874404722964682,31,0,1,0,true,-0.0007152557373046875,-0.033038344234228134,0,0,0.0,0.0,47.69270706176758,0.0,0,0,0.0054294997826218605,0.0,0.0,0.0,31.03216552734375,,1777874404708652346
1777874404822711869,31,0,1,0,true,-0.0005214810371398926,0.025202838703989983,0,0,0.0,0.0,47.70616149902344,0.0,0,0,-0.00013139988004695624,0.0,0.0,0.0,31.031829833984375,,1777874404808669496
1777874404923396280,31,0,1,0,true,-0.0006265342235565186,-0.005266319494694471,0,0,0.0,0.0,47.702796936035156,0.0,0,0,0.00397509103640914,0.0,0.0,0.0,31.031585693359375,,1777874404908639164
1777874405023121151,31,0,1,0,true,-0.0004419684410095215,0.09755545854568481,0,0,0.0,0.0,47.70952606201172,0.0,0,0,-0.011605516076087952,0.0,0.0,0.0,31.0311279296875,,1777874405008649574
1777874405122845801,31,0,1,0,true,-0.0006144344806671143,0.00740344263613224,0,0,0.0,0.0,47.702796936035156,0.0,0,0,0.000879072118550539,0.0,0.0,0.0,31.03118896484375,,1777874405108643205
1777874405222522079,31,0,1,0,true,-0.0005778670310974121,0.051767945289611816,0,0,0.0,0.0,47.70952606201172,0.0,0,0,-0.00816841796040535,0.0,0.0,0.0,31.031890869140625,,1777874405208635263
1777874405323220953,31,0,1,0,true,-0.0006305575370788574,-0.01104043610394001,0,0,0.0,0.0,47.699432373046875,0.0,0,0,0.006107599474489689,0.0,0.0,0.0,31.031219482421875,,1777874405308647024
1777874405423016566,31,0,1,0,true,-0.0004671812057495117,0.03966447710990906,0,0,0.0,0.0,47.696067810058594,0.0,0,0,-0.006472541019320488,0.0,0.0,0.0,31.031005859375,,1777874405408649563
1777874405522666696,31,0,1,0,true,-0.0006436705589294434,0.004117757547646761,0,0,0.0,0.0,47.702796936035156,0.0,0,0,-0.0004524088290054351,0.0,0.0,0.0,31.032196044921875,,1777874405508643972
1777874405623351497,31,0,1,0,true,-0.0006520748138427734,-0.009803648106753826,0,0,0.0,0.0,47.6893424987793,0.0,0,0,0.0029235179536044598,0.0,0.0,0.0,31.030609130859375,,1777874405608682604
1777874405723088664,31,0,1,0,true,-0.0005886256694793701,-0.0001067180564859882,0,0,0.0,0.0,47.702796936035156,0.0,0,0,0.00008968054316937923,0.0,0.0,0.0,31.0296630859375,,1777874405708657402
1777874405822773665,31,0,1,0,true,-0.0007531344890594482,-0.04478041082620621,0,0,0.0,0.0,47.702796936035156,0.0,0,0,0.00911941472440958,0.0,0.0,0.0,31.031097412109375,,1777874405808649404
1777874405922485722,31,0,1,0,true,-0.0008926987648010254,-0.09770935773849487,0,0,0.0,0.0,47.696067810058594,0.0,0,0,0.014920719899237156,0.0,0.0,0.0,31.031646728515625,,1777874405908657831
1777874406023225300,31,0,1,0,true,-0.0006396174430847168,0.0067589739337563515,0,0,0.0,0.0,47.716251373291016,0.0,0,0,0.00047064453247003257,0.0,0.0,0.0,31.03179931640625,,1777874406008664963
1777874406122905264,31,0,1,0,true,-0.0006683766841888428,0.01951810158789158,0,0,0.0,0.0,47.77007293701172,0.0,0,0,-0.004745778162032366,0.0,0.0,0.0,31.031829833984375,,1777874406108657483
1777874406222626747,31,0,1,0,true,-0.0006715059280395508,-0.046974603086709976,0,0,0.0,0.0,47.75998306274414,0.0,0,0,0.008601880632340908,0.0,0.0,0.0,31.0321044921875,,1777874406208663263
1777874406323332436,31,0,1,0,true,-0.0006524026393890381,-0.001462730928324163,0,0,0.0,0.0,47.7667121887207,0.0,0,0,-0.0009898936841636896,0.0,0.0,0.0,31.031982421875,,1777874406308653820
1777874406423036492,31,0,1,0,true,-0.0005165934562683105,0.08255744725465775,0,0,0.0,0.0,47.76334762573242,0.0,0,0,-0.010677668265998363,0.0,0.0,0.0,31.031524658203125,,1777874406408663230
1777874406522760956,31,0,1,0,true,-0.0005666613578796387,0.060980550944805145,0,0,0.0,0.0,47.75661849975586,0.0,0,0,-0.00944388285279274,0.0,0.0,0.0,31.032257080078125,,1777874406508664954
1777874406622493217,31,0,1,0,true,-0.0006095468997955322,0.010178771801292896,0,0,0.0,0.0,47.75998306274414,0.0,0,0,0.0005259833415038884,0.0,0.0,0.0,31.030975341796875,,1777874406608668826
1777874406723258758,31,0,1,0,true,-0.0005437135696411133,-0.027312541380524635,0,0,0.0,0.0,47.75325393676758,0.0,0,0,0.009269366972148418,0.0,0.0,0.0,31.0321044921875,,1777874406708662439
1777874406822881388,31,0,1,0,true,-0.0008463263511657715,-0.0825846716761589,0,0,0.0,0.0,47.75325393676758,0.0,0,0,0.010853646323084831,0.0,0.0,0.0,31.031951904296875,,1777874406808660459
1777874406922617463,31,0,1,0,true,-0.0006659030914306641,0.04677601531147957,0,0,0.0,0.0,47.7431640625,0.0,0,0,-0.007879438810050488,0.0,0.0,0.0,31.032928466796875,,1777874406908667647
1777874407023340708,31,0,1,0,true,-0.0006148815155029297,-0.011446532793343067,0,0,0.0,0.0,47.7498893737793,0.0,0,0,0.0026792630087584257,0.0,0.0,0.0,31.03228759765625,,1777874407008683463
1777874407123005246,31,0,1,0,true,-0.0006791949272155762,-0.06514289230108261,0,0,0.0,0.0,47.75661849975586,0.0,0,0,0.013958102092146873,0.0,0.0,0.0,31.03216552734375,,1777874407108669447
1777874407222717766,31,0,1,0,true,-0.0007024407386779785,0.0058015454560518265,0,0,0.0,0.0,47.75325393676758,0.0,0,0,-0.0006562692578881979,0.0,0.0,0.0,31.032257080078125,,1777874407208690097
1777874407323405677,31,0,1,0,true,-0.0005261898040771484,0.017986953258514404,0,0,0.0,0.0,47.7734375,0.0,0,0,-0.0003204700187779963,0.0,0.0,0.0,31.031463623046875,,1777874407308683043
1777874407423119122,31,0,1,0,true,-0.0005097389221191406,0.05637233331799507,0,0,0.0,0.0,47.75325393676758,0.0,0,0,-0.007529231254011393,0.0,0.0,0.0,31.032623291015625,,1777874407408668712
1777874407522832605,31,0,1,0,true,-0.0006270706653594971,-0.0044579217210412025,0,0,0.0,0.0,47.7498893737793,0.0,0,0,0.000018100869056070223,0.0,0.0,0.0,31.031829833984375,,1777874407508672047
1777874407622540347,31,0,1,0,true,-0.00045359134674072266,0.06016469746828079,0,0,0.0,0.0,47.7667121887207,0.0,0,0,-0.008274054154753685,0.0,0.0,0.0,31.031646728515625,,1777874407608687808
1777874407723247443,31,0,1,0,true,-0.0007364153861999512,-0.02087901346385479,0,0,0.0,0.0,47.733070373535156,0.0,0,0,0.001739630475640297,0.0,0.0,0.0,31.03173828125,,1777874407708691439
1777874407822983111,31,0,1,0,true,-0.0005799233913421631,0.023057065904140472,0,0,0.0,0.0,47.76334762573242,0.0,0,0,-0.003517282661050558,0.0,0.0,0.0,31.032257080078125,,1777874407808675256
1777874407922687371,31,0,1,0,true,-0.0005213618278503418,0.016906606033444405,0,0,0.0,0.0,47.733070373535156,0.0,0,0,-0.002588204573839903,0.0,0.0,0.0,31.03271484375,,1777874407908681943
1777874408023374949,31,0,1,0,true,-0.0004849731922149658,0.03576773405075073,0,0,0.0,0.0,47.7498893737793,0.0,0,0,-0.0023857331834733486,0.0,0.0,0.0,31.03179931640625,,1777874408008687741
1777874408123081635,31,0,1,0,true,-0.0005782544612884521,0.01782672107219696,0,0,0.0,0.0,47.7667121887207,0.0,0,0,0.0024584655184298754,0.0,0.0,0.0,31.031951904296875,,1777874408108691447
1777874408222798859,31,0,1,0,true,-0.0006857514381408691,-0.05010022595524788,0,0,0.0,0.0,47.7667121887207,0.0,0,0,0.010093741118907928,0.0,0.0,0.0,31.032012939453125,,1777874408208693597
1777874408322509786,31,0,1,0,true,-0.0006837546825408936,-0.01454978808760643,0,0,0.0,0.0,47.75998306274414,0.0,0,0,0.004323105793446302,0.0,0.0,0.0,31.0318603515625,,1777874408308687025
1777874408423253345,31,0,1,0,true,-0.0009061098098754883,-0.1391272395849228,0,0,0.0,0.0,47.75998306274414,0.0,0,0,0.023959100246429443,0.0,0.0,0.0,31.032073974609375,,1777874408408694601
1777874408522945328,31,0,1,0,true,-0.0008198022842407227,-0.0693860799074173,0,0,0.0,0.0,47.77007293701172,0.0,0,0,0.010508153587579727,0.0,0.0,0.0,31.03173828125,,1777874408508686714
1777874408622700921,31,0,1,0,true,-0.0004647672176361084,0.0761871188879013,0,0,0.0,0.0,47.75325393676758,0.0,0,0,-0.009849370457231998,0.0,0.0,0.0,31.031951904296875,,1777874408608691734
1777874408723324981,31,0,1,0,true,-0.0006046593189239502,-0.00028192502213642,0,0,0.0,0.0,47.76334762573242,0.0,0,0,-0.0027507124468684196,0.0,0.0,0.0,31.033233642578125,,1777874408708690866
1777874408823049148,31,0,1,0,true,-0.0006346702575683594,-0.006432384252548218,0,0,0.0,0.0,47.75661849975586,0.0,0,0,0.0027285392861813307,0.0,0.0,0.0,31.030670166015625,,1777874408808712497
1777874408922764501,31,0,1,0,true,-0.0005651414394378662,-0.008581847883760929,0,0,0.0,0.0,47.75325393676758,0.0,0,0,0.004498142749071121,0.0,0.0,0.0,31.032440185546875,,1777874408908749981
1777874409022450539,31,0,1,0,true,-0.0005428493022918701,0.06305921077728271,0,0,0.0,0.0,47.7498893737793,0.0,0,0,-0.010571125894784927,0.0,0.0,0.0,31.03228759765625,,1777874409008720871
1777874409123169562,31,0,1,0,true,-0.0005901455879211426,0.021444017067551613,0,0,0.0,0.0,47.76334762573242,0.0,0,0,-0.003462363500148058,0.0,0.0,0.0,31.031463623046875,,1777874409108706855
1777874409222888341,31,0,1,0,true,-0.0006643533706665039,-0.014929725788533688,0,0,0.0,0.0,47.6893424987793,0.0,0,0,0.0009660462965257466,0.0,0.0,0.0,31.03253173828125,,1777874409208697820
1777874409322590638,31,0,1,0,true,-0.0006904006004333496,-0.050241727381944656,0,0,0.0,0.0,47.7196159362793,0.0,0,0,0.010020733810961246,0.0,0.0,0.0,31.0328369140625,,1777874409308702340
1777874409423293957,31,0,1,0,true,-0.0006614923477172852,-0.0016639534151181579,0,0,0.0,0.0,47.75325393676758,0.0,0,0,0.00012951972894370556,0.0,0.0,0.0,31.031768798828125,,1777874409408713768
1777874409523032921,31,0,1,0,true,-0.000664055347442627,-0.06113448366522789,0,0,0.0,0.0,47.75661849975586,0.0,0,0,0.01361105963587761,0.0,0.0,0.0,31.03240966796875,,1777874409508707436
1777874409622710014,31,0,1,0,true,-0.0004062950611114502,0.0448165163397789,0,0,0.0,0.0,47.74652862548828,0.0,0,0,-0.0022564949467778206,0.0,0.0,0.0,31.0318603515625,,1777874409608717031
1777874409722425127,31,0,1,0,true,-0.0004715919494628906,0.04398578405380249,0,0,0.0,0.0,47.75661849975586,0.0,0,0,-0.0009122264455072582,0.0,0.0,0.0,31.0311279296875,,1777874409708704829
1777874409823152075,31,0,1,0,true,-0.000551372766494751,-0.021255219355225563,0,0,0.0,0.0,47.74652862548828,0.0,0,0,0.006852495484054089,0.0,0.0,0.0,31.03253173828125,,1777874409808704886
1777874409922854520,31,0,1,0,true,-0.0006440877914428711,-0.01712387055158615,0,0,0.0,0.0,47.7431640625,0.0,0,0,0.005554764065891504,0.0,0.0,0.0,31.032196044921875,,1777874409908706240
1777874410022557558,31,0,1,0,true,-0.0005726516246795654,0.006863267160952091,0,0,0.0,0.0,47.7196159362793,0.0,0,0,0.0005486111622303724,0.0,0.0,0.0,31.03253173828125,,1777874410008709335
1777874410123284025,31,0,1,0,true,-0.0005716383457183838,0.01867244765162468,0,0,0.0,0.0,47.716251373291016,0.0,0,0,-0.0013598428340628743,0.0,0.0,0.0,31.03228759765625,,1777874410108713725
1777874410223044897,31,0,1,0,true,-0.0006084740161895752,-0.004457846749573946,0,0,0.0,0.0,47.7196159362793,0.0,0,0,0.0003963404451496899,0.0,0.0,0.0,31.033172607421875,,1777874410208714820
1777874410322696490,31,0,1,0,true,-0.0006729364395141602,-0.028374191373586655,0,0,0.0,0.0,47.72298049926758,0.0,0,0,0.006804616656154394,0.0,0.0,0.0,31.032928466796875,,1777874410309455509
1777874410423414124,31,0,1,0,true,-0.000599592924118042,-0.010284162126481533,0,0,0.0,0.0,47.72634506225586,0.0,0,0,0.007888601161539555,0.0,0.0,0.0,31.032379150390625,,1777874410408713416
1777874410523108569,31,0,1,0,true,-0.0006260573863983154,-0.009870635345578194,0,0,0.0,0.0,47.7196159362793,0.0,0,0,0.0021937619894742966,0.0,0.0,0.0,31.031829833984375,,1777874410508717825
1777874410622813959,31,0,1,0,true,-0.0006285905838012695,0.03441561385989189,0,0,0.0,0.0,47.716251373291016,0.0,0,0,-0.0063683087937533855,0.0,0.0,0.0,31.032318115234375,,1777874410608716031
1777874410722548479,31,0,1,0,true,-0.0005274713039398193,-0.01126389391720295,0,0,0.0,0.0,47.70952606201172,0.0,0,0,0.003162771463394165,0.0,0.0,0.0,31.03302001953125,,1777874410708705292
1777874410823275594,31,0,1,0,true,-0.000637352466583252,-0.029100606217980385,0,0,0.0,0.0,47.72298049926758,0.0,0,0,0.008920923806726933,0.0,0.0,0.0,31.0311279296875,,1777874410808720757
1777874410922942502,31,0,1,0,true,-0.0007489025592803955,-0.041315820068120956,0,0,0.0,0.0,47.712890625,0.0,0,0,0.00736799044534564,0.0,0.0,0.0,31.03155517578125,,1777874410908708351
1777874411022676670,31,0,1,0,true,-0.0005303621292114258,0.06670268625020981,0,0,0.0,0.0,47.7196159362793,0.0,0,0,-0.007095756474882364,0.0,0.0,0.0,31.031524658203125,,1777874411008731557
1777874411123350563,31,0,1,0,true,-0.0006115436553955078,-0.019146639853715897,0,0,0.0,0.0,47.72298049926758,0.0,0,0,0.00527783902361989,0.0,0.0,0.0,31.03228759765625,,1777874411108720300
1777874411223082342,31,0,1,0,true,-0.0004793107509613037,0.04010039567947388,0,0,0.0,0.0,47.7196159362793,0.0,0,0,-0.0029770799446851015,0.0,0.0,0.0,31.03265380859375,,1777874411208729950
1777874411322801250,31,0,1,0,true,-0.0006622076034545898,-0.051038842648267746,0,0,0.0,0.0,47.7196159362793,0.0,0,0,0.01072743907570839,0.0,0.0,0.0,31.03204345703125,,1777874411308718229
1777874411422483566,31,0,1,0,true,-0.0007593035697937012,-0.03246457874774933,0,0,0.0,0.0,47.716251373291016,0.0,0,0,0.008252576924860477,0.0,0.0,0.0,31.03240966796875,,1777874411408739657
1777874411523203440,31,0,1,0,true,-0.0007386505603790283,-0.021068913862109184,0,0,0.0,0.0,47.72634506225586,0.0,0,0,0.0017255054553970695,0.0,0.0,0.0,31.032257080078125,,1777874411508720492
1777874411622928275,31,0,1,0,true,-0.00045105814933776855,0.04331155866384506,0,0,0.0,0.0,47.7196159362793,0.0,0,0,-0.005467759910970926,0.0,0.0,0.0,31.032470703125,,1777874411608732494
1777874411722620961,31,0,1,0,true,-0.0007158219814300537,-0.012560333125293255,0,0,0.0,0.0,47.712890625,0.0,0,0,0.004614644683897495,0.0,0.0,0.0,31.033935546875,,1777874411708718904
1777874411823387409,31,0,1,0,true,-0.0005894005298614502,0.030787132680416107,0,0,0.0,0.0,47.7196159362793,0.0,0,0,-0.0037020519375801086,0.0,0.0,0.0,31.033538818359375,,1777874411808737572
1777874411923062984,31,0,1,0,true,-0.0006731152534484863,-0.016758739948272705,0,0,0.0,0.0,47.699432373046875,0.0,0,0,0.0023581937421113253,0.0,0.0,0.0,31.032684326171875,,1777874411908739389
1777874412022768300,31,0,1,0,true,-0.0006407797336578369,0.03941863402724266,0,0,0.0,0.0,47.70952606201172,0.0,0,0,-0.003619556548073888,0.0,0.0,0.0,31.03155517578125,,1777874412008753020
1777874412122465042,31,0,1,0,true,-0.0005808174610137939,0.016850827261805534,0,0,0.0,0.0,47.72298049926758,0.0,0,0,-0.0025211467873305082,0.0,0.0,0.0,31.03265380859375,,1777874412108733485
1777874412223197231,31,0,1,0,true,-0.00065574049949646,-0.024708528071641922,0,0,0.0,0.0,47.72298049926758,0.0,0,0,0.0065558659844100475,0.0,0.0,0.0,31.034332275390625,,1777874412208737487
1777874412322895566,31,0,1,0,true,-0.0007004439830780029,-0.021564370021224022,0,0,0.0,0.0,47.712890625,0.0,0,0,0.006401228252798319,0.0,0.0,0.0,31.0330810546875,,1777874412308719119
1777874412422608122,31,0,1,0,true,-0.000667572021484375,-0.03351886570453644,0,0,0.0,0.0,47.72634506225586,0.0,0,0,0.00648281117901206,0.0,0.0,0.0,31.033233642578125,,1777874412408753176
1777874412523313885,31,0,1,0,true,-0.0007422864437103271,-0.04619975388050079,0,0,0.0,0.0,47.7196159362793,0.0,0,0,0.005757765378803015,0.0,0.0,0.0,31.034149169921875,,1777874412508735345
1777874412623022127,31,0,1,0,true,-0.0005821585655212402,-0.004763340577483177,0,0,0.0,0.0,47.7196159362793,0.0,0,0,0.0022564921528100967,0.0,0.0,0.0,31.032928466796875,,1777874412608752124
1777874412722750091,31,0,1,0,true,-0.0006748437881469727,0.0027244628872722387,0,0,0.0,0.0,47.72634506225586,0.0,0,0,-0.0021322185639292,0.0,0.0,0.0,31.032928466796875,,1777874412708746626
1777874412822678278,31,0,1,0,true,-0.0005942881107330322,0.009988771751523018,0,0,0.0,0.0,47.716251373291016,0.0,0,0,0.00213964213617146,0.0,0.0,0.0,31.033477783203125,,1777874412808756054
1777874412923151467,31,0,1,0,true,-0.0007497966289520264,-0.03133590519428253,0,0,0.0,0.0,47.70616149902344,0.0,0,0,0.004447450395673513,0.0,0.0,0.0,31.03350830078125,,1777874412908732334
1777874413022860319,31,0,1,0,true,-0.0006747543811798096,0.0027169736567884684,0,0,0.0,0.0,47.72970962524414,0.0,0,0,-0.0021302641835063696,0.0,0.0,0.0,31.03253173828125,,1777874413008738928
1777874413122565098,31,0,1,0,true,-0.0005846619606018066,-0.00436107162386179,0,0,0.0,0.0,47.72634506225586,0.0,0,0,0.0008671050309203565,0.0,0.0,0.0,31.03289794921875,,1777874413108747134
1777874413223316695,31,0,1,0,true,-0.00044539570808410645,0.03968674689531326,0,0,0.0,0.0,47.716251373291016,0.0,0,0,-0.007302565034478903,0.0,0.0,0.0,31.03375244140625,,1777874413208748987
1777874413322695399,31,0,1,0,true,-0.0006634891033172607,0.01739834062755108,0,0,0.0,0.0,47.70952606201172,0.0,0,0,-0.001755208126269281,0.0,0.0,0.0,31.034454345703125,,1777874413308756619
1777874413422754419,31,0,1,0,true,-0.0004691779613494873,0.03450487181544304,0,0,0.0,0.0,47.716251373291016,0.0,0,0,-0.0018545298371464014,0.0,0.0,0.0,31.0333251953125,,1777874413408752176
1777874413523388034,31,0,1,0,true,-0.0007517337799072266,-0.05508092790842056,0,0,0.0,0.0,47.70952606201172,0.0,0,0,0.008288954384624958,0.0,0.0,0.0,31.03350830078125,,1777874413508749308
1777874413623103183,31,0,1,0,true,-0.0006213188171386719,0.055612336844205856,0,0,0.0,0.0,47.699432373046875,0.0,0,0,-0.008411751128733158,0.0,0.0,0.0,31.033935546875,,1777874413608753828
1777874413722822462,31,0,1,0,true,-0.0005977451801300049,0.015163132920861244,0,0,0.0,0.0,47.712890625,0.0,0,0,-0.002589830895885825,0.0,0.0,0.0,31.033721923828125,,1777874413708788182
1777874413822973224,31,0,1,0,true,-0.000755608081817627,-0.030013468116521835,0,0,0.0,0.0,47.72298049926758,0.0,0,0,0.0041128238663077354,0.0,0.0,0.0,31.033111572265625,,1777874413808763647
1777874413923241597,31,0,1,0,true,-0.0003790557384490967,0.09207549691200256,0,0,0.0,0.0,47.7196159362793,0.0,0,0,-0.01069523487240076,0.0,0.0,0.0,31.032867431640625,,1777874413908764501
1777874414022956783,31,0,1,0,true,-0.0008562207221984863,-0.08594124019145966,0,0,0.0,0.0,47.712890625,0.0,0,0,0.011200286448001862,0.0,0.0,0.0,31.0335693359375,,1777874414008756373
1777874414122656710,31,0,1,0,true,-0.0005920529365539551,0.005686013028025627,0,0,0.0,0.0,47.7196159362793,0.0,0,0,-0.0009246248519048095,0.0,0.0,0.0,31.033447265625,,1777874414108757986
1777874414223363917,31,0,1,0,true,-0.0006919205188751221,-0.002569221192970872,0,0,0.0,0.0,47.72298049926758,0.0,0,0,0.0022001289762556553,0.0,0.0,0.0,31.034576416015625,,1777874414208759099
1777874414323315827,31,0,1,0,true,-0.0005626678466796875,0.028488516807556152,0,0,0.0,0.0,47.7196159362793,0.0,0,0,-0.0027800225652754307,0.0,0.0,0.0,31.033172607421875,,1777874414308773638
1777874414422796771,31,0,1,0,true,-0.0007349550724029541,-0.055915407836437225,0,0,0.0,0.0,47.72970962524414,0.0,0,0,0.01004038192331791,0.0,0.0,0.0,31.03436279296875,,1777874414408762214
1777874414522507217,31,0,1,0,true,-0.0006156563758850098,-0.01791371963918209,0,0,0.0,0.0,47.733070373535156,0.0,0,0,0.006265433505177498,0.0,0.0,0.0,31.03289794921875,,1777874414508753197
1777874414623206202,31,0,1,0,true,-0.0006819367408752441,-0.04719823598861694,0,0,0.0,0.0,47.72298049926758,0.0,0,0,0.008426147513091564,0.0,0.0,0.0,31.034423828125,,1777874414608776032
1777874414722941203,31,0,1,0,true,-0.0008119940757751465,-0.09764238446950912,0,0,0.0,0.0,47.72634506225586,0.0,0,0,0.01655901037156582,0.0,0.0,0.0,31.03399658203125,,1777874414708764145
1777874414822639149,31,0,1,0,true,-0.0005808770656585693,-0.004770891275256872,0,0,0.0,0.0,47.7196159362793,0.0,0,0,0.0035556962247937918,0.0,0.0,0.0,31.033660888671875,,1777874414808768962
1777874414923360412,31,0,1,0,true,-0.0005745291709899902,0.02246098220348358,0,0,0.0,0.0,47.716251373291016,0.0,0,0,-0.003308549989014864,0.0,0.0,0.0,31.034088134765625,,1777874414908769982
1777874415023133376,31,0,1,0,true,-0.0006261467933654785,-0.0358770489692688,0,0,0.0,0.0,47.712890625,0.0,0,0,0.012802356854081154,0.0,0.0,0.0,31.033905029296875,,1777874415008770040
1777874415122764488,31,0,1,0,true,-0.0005568563938140869,0.0195627398788929,0,0,0.0,0.0,47.712890625,0.0,0,0,-0.001201289240270853,0.0,0.0,0.0,31.03240966796875,,1777874415108763782
1777874415222460341,31,0,1,0,true,-0.0004355907440185547,0.030194729566574097,0,0,0.0,0.0,47.72298049926758,0.0,0,0,-0.003005760023370385,0.0,0.0,0.0,31.034027099609375,,1777874415208778970
1777874415323176086,31,0,1,0,true,-0.0006225705146789551,-0.01707548275589943,0,0,0.0,0.0,47.72298049926758,0.0,0,0,0.004716087132692337,0.0,0.0,0.0,31.034576416015625,,1777874415308777138
1777874415422881420,31,0,1,0,true,-0.0005895495414733887,0.04084160923957825,0,0,0.0,0.0,47.712890625,0.0,0,0,-0.002803671872243285,0.0,0.0,0.0,31.03369140625,,1777874415408775658
1777874415522592051,31,0,1,0,true,-0.0007285773754119873,-0.026213616132736206,0,0,0.0,0.0,47.716251373291016,0.0,0,0,0.006587741896510124,0.0,0.0,0.0,31.0341796875,,1777874415508801012
1777874415623343536,31,0,1,0,true,-0.0006890594959259033,-0.048326946794986725,0,0,0.0,0.0,47.716251373291016,0.0,0,0,0.008466090075671673,0.0,0.0,0.0,31.033538818359375,,1777874415608778940
1777874415723011759,31,0,1,0,true,-0.0005393028259277344,0.07561347633600235,0,0,0.0,0.0,47.72634506225586,0.0,0,0,-0.012547872960567474,0.0,0.0,0.0,31.0335693359375,,1777874415708784072
1777874415822739668,31,0,1,0,true,-0.0004526972770690918,0.09171048551797867,0,0,0.0,0.0,47.716251373291016,0.0,0,0,-0.013409904204308987,0.0,0.0,0.0,31.034393310546875,,1777874415808776777
1777874415922417447,31,0,1,0,true,-0.000684589147567749,0.0034173608291894197,0,0,0.0,0.0,47.716251373291016,0.0,0,0,0.005186788272112608,0.0,0.0,0.0,31.03326416015625,,1777874415908779001
1777874416023127543,31,0,1,0,true,-0.0005441606044769287,0.03273167461156845,0,0,0.0,0.0,47.716251373291016,0.0,0,0,-0.0030938235577195883,0.0,0.0,0.0,31.0322265625,,1777874416008797077
1777874416122861748,31,0,1,0,true,-0.0005805790424346924,0.026469461619853973,0,0,0.0,0.0,47.7196159362793,0.0,0,0,-0.001543318503536284,0.0,0.0,0.0,31.034149169921875,,1777874416108797912
1777874416222535138,31,0,1,0,true,-0.0007267296314239502,-0.02779681235551834,0,0,0.0,0.0,47.712890625,0.0,0,0,0.005612949375063181,0.0,0.0,0.0,31.03472900390625,,1777874416208788655
1777874416323261253,31,0,1,0,true,-0.0009162724018096924,-0.11336298286914825,0,0,0.0,0.0,47.716251373291016,0.0,0,0,0.019542569294571877,0.0,0.0,0.0,31.033905029296875,,1777874416308780601
1777874416422970347,31,0,1,0,true,-0.0007072687149047852,-0.05358697101473808,0,0,0.0,0.0,47.72634506225586,0.0,0,0,0.01022572536021471,0.0,0.0,0.0,31.034393310546875,,1777874416408781937
1777874416522671348,31,0,1,0,true,-0.0007061362266540527,-0.0008666698704473674,0,0,0.0,0.0,47.72634506225586,0.0,0,0,0.0029040067456662655,0.0,0.0,0.0,31.034454345703125,,1777874416508780957
1777874416622439090,31,0,1,0,true,-0.00048723816871643066,0.06273519992828369,0,0,0.0,0.0,47.72634506225586,0.0,0,0,-0.010650718584656715,0.0,0.0,0.0,31.0333251953125,,1777874416608791681
1777874416723104834,31,0,1,0,true,-0.0004979372024536133,0.07480514049530029,0,0,0.0,0.0,47.716251373291016,0.0,0,0,-0.009027701802551746,0.0,0.0,0.0,31.035003662109375,,1777874416708791016
1777874416822800280,31,0,1,0,true,-0.0006015598773956299,-0.007784548681229353,0,0,0.0,0.0,47.716251373291016,0.0,0,0,0.006170629058033228,0.0,0.0,0.0,31.03326416015625,,1777874416808806648
1777874416922508151,31,0,1,0,true,-0.00070953369140625,-0.07128585129976273,0,0,0.0,0.0,47.72970962524414,0.0,0,0,0.01052998099476099,0.0,0.0,0.0,31.03338623046875,,1777874416908793483
1777874417023223377,31,0,1,0,true,-0.0006518363952636719,0.004404585342854261,0,0,0.0,0.0,47.70616149902344,0.0,0,0,0.0018802592530846596,0.0,0.0,0.0,31.0338134765625,,1777874417008805522
1777874417122934582,31,0,1,0,true,-0.000528872013092041,-0.002941683866083622,0,0,0.0,0.0,47.716251373291016,0.0,0,0,0.003049801802262664,0.0,0.0,0.0,31.0347900390625,,1777874417108804709
1777874417222643768,31,0,1,0,true,-0.0006165504455566406,0.03510470315814018,0,0,0.0,0.0,47.712890625,0.0,0,0,-0.006231530569493771,0.0,0.0,0.0,31.033355712890625,,1777874417208803600
1777874417323371254,31,0,1,0,true,-0.0004944503307342529,0.05999339371919632,0,0,0.0,0.0,47.696067810058594,0.0,0,0,-0.006534157786518335,0.0,0.0,0.0,31.033782958984375,,1777874417308792954
1777874417423065014,31,0,1,0,true,-0.0006714165210723877,-0.04321577027440071,0,0,0.0,0.0,47.7196159362793,0.0,0,0,0.009264341555535793,0.0,0.0,0.0,31.033905029296875,,1777874417408814215
1777874417522768274,31,0,1,0,true,-0.0006483495235443115,-0.007948415353894234,0,0,0.0,0.0,47.7196159362793,0.0,0,0,0.005243022460490465,0.0,0.0,0.0,31.034423828125,,1777874417508810346
1777874417622488201,31,0,1,0,true,-0.0006659328937530518,-0.007091601844877005,0,0,0.0,0.0,47.70952606201172,0.0,0,0,0.0009274693438783288,0.0,0.0,0.0,31.033447265625,,1777874417608805941
1777874417723189205,31,0,1,0,true,-0.0006591975688934326,0.014924879185855389,0,0,0.0,0.0,47.72634506225586,0.0,0,0,-0.001260834513232112,0.0,0.0,0.0,31.03424072265625,,1777874417708812461
1777874417822896039,31,0,1,0,true,-0.0006546378135681152,-0.0048303138464689255,0,0,0.0,0.0,47.72298049926758,0.0,0,0,0.0020613130182027817,0.0,0.0,0.0,31.03387451171875,,1777874417808807574
1777874417922641392,31,0,1,0,true,-0.0005736649036407471,0.002724563470110297,0,0,0.0,0.0,47.733070373535156,0.0,0,0,-0.00006389537156792358,0.0,0.0,0.0,31.03436279296875,,1777874417908805576
1777874418023311341,31,0,1,0,true,-0.000492095947265625,0.04610930383205414,0,0,0.0,0.0,47.716251373291016,0.0,0,0,-0.004217787645757198,0.0,0.0,0.0,31.034515380859375,,1777874418008805022
1777874418123021564,31,0,1,0,true,-0.0005734264850616455,0.012376772239804268,0,0,0.0,0.0,47.7196159362793,0.0,0,0,0.00090731808450073,0.0,0.0,0.0,31.035247802734375,,1777874418108832321
1777874418222788269,31,0,1,0,true,-0.0006007850170135498,-0.004595628939568996,0,0,0.0,0.0,47.7734375,0.0,0,0,0.005664932541549206,0.0,0.0,0.0,31.03460693359375,,1777874418208821396
1777874418322442288,31,0,1,0,true,-0.0007249414920806885,-0.09254230558872223,0,0,0.0,0.0,47.7667121887207,0.0,0,0,0.017504563555121422,0.0,0.0,0.0,31.035400390625,,1777874418308801750
1777874418423152107,31,0,1,0,true,-0.0006791949272155762,-0.0443035252392292,0,0,0.0,0.0,47.76334762573242,0.0,0,0,0.009282320737838745,0.0,0.0,0.0,31.035125732421875,,1777874418408826956
1777874418522852997,31,0,1,0,true,-0.0005249679088592529,0.08303064107894897,0,0,0.0,0.0,47.75998306274414,0.0,0,0,-0.014738146215677261,0.0,0.0,0.0,31.034912109375,,1777874418508867717
1777874418622564368,31,0,1,0,true,-0.0006520450115203857,0.01096860971301794,0,0,0.0,0.0,47.72298049926758,0.0,0,0,0.0008030739845708013,0.0,0.0,0.0,31.03460693359375,,1777874418608807256
1777874418723269965,31,0,1,0,true,-0.000659942626953125,0.05601479858160019,0,0,0.0,0.0,47.712890625,0.0,0,0,-0.004177873954176903,0.0,0.0,0.0,31.034637451171875,,1777874418708827387
1777874418823007188,31,0,1,0,true,-0.0007055103778839111,-0.015462346374988556,0,0,0.0,0.0,47.77007293701172,0.0,0,0,0.00530224246904254,0.0,0.0,0.0,31.034576416015625,,1777874418808812223
1777874418922701911,31,0,1,0,true,-0.0007004439830780029,-0.009088370949029922,0,0,0.0,0.0,47.699432373046875,0.0,0,0,0.005636679474264383,0.0,0.0,0.0,31.0333251953125,,1777874418908824132
1777874419023398786,31,0,1,0,true,-0.0006249845027923584,0.0003664150426629931,0,0,0.0,0.0,47.712890625,0.0,0,0,-0.0032692241948097944,0.0,0.0,0.0,31.0338134765625,,1777874419008819467
1777874419123128268,31,0,1,0,true,-0.0007397234439849854,-0.07312241196632385,0,0,0.0,0.0,47.70616149902344,0.0,0,0,0.015300612896680832,0.0,0.0,0.0,31.03387451171875,,1777874419108815710
1777874419222836380,31,0,1,0,true,-0.0005756616592407227,-0.015950355678796768,0,0,0.0,0.0,47.716251373291016,0.0,0,0,0.01057714968919754,0.0,0.0,0.0,31.034637451171875,,1777874419208816193
1777874419322527900,31,0,1,0,true,-0.0007684826850891113,-0.05394086241722107,0,0,0.0,0.0,47.716251373291016,0.0,0,0,0.009035724215209484,0.0,0.0,0.0,31.03521728515625,,1777874419308823269
1777874419423257182,31,0,1,0,true,-0.0006362497806549072,0.04025683179497719,0,0,0.0,0.0,47.716251373291016,0.0,0,0,-0.004932924173772335,0.0,0.0,0.0,31.034393310546875,,1777874419408822845
1777874419522964960,31,0,1,0,true,-0.0005692839622497559,0.022561701014637947,0,0,0.0,0.0,47.72298049926758,0.0,0,0,-0.0006733982590958476,0.0,0.0,0.0,31.034027099609375,,1777874419508838532
1777874419622681239,31,0,1,0,true,-0.0003876686096191406,0.011464041657745838,0,0,0.0,0.0,47.7734375,0.0,0,0,0.0035779380705207586,0.0,0.0,0.0,31.03326416015625,,1777874419608834645
1777874419722409852,31,0,1,0,true,-0.0005517005920410156,0.03411756455898285,0,0,0.0,0.0,47.72298049926758,0.0,0,0,-0.0060173748061060905,0.0,0.0,0.0,31.034515380859375,,1777874419708827258
1777874419823142226,31,0,1,0,true,-0.0006988942623138428,0.007668022997677326,0,0,0.0,0.0,47.72298049926758,0.0,0,0,-0.003428579308092594,0.0,0.0,0.0,31.03436279296875,,1777874419808830852
1777874419922799153,31,0,1,0,true,-0.000518798828125,0.04371393844485283,0,0,0.0,0.0,47.70952606201172,0.0,0,0,-0.005643509328365326,0.0,0.0,0.0,31.033599853515625,,1777874419908836058
1777874420022489376,31,0,1,0,true,-0.0006082355976104736,-0.000281775020994246,0,0,0.0,0.0,47.712890625,0.0,0,0,-0.001548952073790133,0.0,0.0,0.0,31.03497314453125,,1777874420008831523
1777874420123214121,31,0,1,0,true,-0.0006012618541717529,-0.02152336575090885,0,0,0.0,0.0,47.72970962524414,0.0,0,0,0.005880989134311676,0.0,0.0,0.0,31.0343017578125,,1777874420108832840
1777874420222917362,31,0,1,0,true,-0.0005789697170257568,0.00890855211764574,0,0,0.0,0.0,47.72634506225586,0.0,0,0,-0.001182629493996501,0.0,0.0,0.0,31.033447265625,,1777874420208828675
1777874420322610697,31,0,1,0,true,-0.0005924999713897705,-0.018911926075816154,0,0,0.0,0.0,47.7196159362793,0.0,0,0,0.004360047634691,0.0,0.0,0.0,31.03497314453125,,1777874420308824399
1777874420423352867,31,0,1,0,true,-0.0006001293659210205,0.02492356114089489,0,0,0.0,0.0,47.7196159362793,0.0,0,0,-0.001688020653091371,0.0,0.0,0.0,31.03521728515625,,1777874420408830586
1777874420523046313,31,0,1,0,true,-0.0005992352962493896,0.014693906530737877,0,0,0.0,0.0,47.699432373046875,0.0,0,0,1.7399368061887799e-6,0.0,0.0,0.0,31.034942626953125,,1777874420508827514
1777874420622788647,31,0,1,0,true,-0.0005543529987335205,0.029960142448544502,0,0,0.0,0.0,47.716251373291016,0.0,0,0,-0.002849067095667124,0.0,0.0,0.0,31.034393310546875,,1777874420608829701
1777874420722474815,31,0,1,0,true,-0.0006082653999328613,0.021250398829579353,0,0,0.0,0.0,47.72298049926758,0.0,0,0,-0.00252537801861763,0.0,0.0,0.0,31.035125732421875,,1777874420708839666
1777874420823175448,31,0,1,0,true,-0.0004930496215820312,0.04345686361193657,0,0,0.0,0.0,47.7196159362793,0.0,0,0,-0.002531405072659254,0.0,0.0,0.0,31.03521728515625,,1777874420808860557
1777874420922872838,31,0,1,0,true,-0.0006971657276153564,-0.020904982462525368,0,0,0.0,0.0,47.7196159362793,0.0,0,0,0.0012769752647727728,0.0,0.0,0.0,31.036041259765625,,1777874420908879633
1777874421022582876,31,0,1,0,true,-0.0008022189140319824,-0.06078796088695526,0,0,0.0,0.0,47.75998306274414,0.0,0,0,0.008194226771593094,0.0,0.0,0.0,31.035491943359375,,1777874421008850857
1777874421123295973,31,0,1,0,true,-0.0006203353404998779,-0.014162236824631691,0,0,0.0,0.0,47.75325393676758,0.0,0,0,0.006829807069152594,0.0,0.0,0.0,31.03546142578125,,1777874421108848803
1777874421222994974,31,0,1,0,true,-0.0005413591861724854,0.039120592176914215,0,0,0.0,0.0,47.7431640625,0.0,0,0,-0.0040801214054226875,0.0,0.0,0.0,31.034576416015625,,1777874421208872897
1777874421322716197,31,0,1,0,true,-0.0005372762680053711,0.005563184153288603,0,0,0.0,0.0,47.665794372558594,0.0,0,0,0.0014867772115394473,0.0,0.0,0.0,31.03607177734375,,1777874421308836677
1777874421422489069,31,0,1,0,true,-0.0005763769149780273,0.01607593335211277,0,0,0.0,0.0,47.64561080932617,0.0,0,0,-0.0010298462584614754,0.0,0.0,0.0,31.034942626953125,,1777874421408856994
1777874421523143647,31,0,1,0,true,-0.0007088184356689453,-0.035001516342163086,0,0,0.0,0.0,47.64897537231445,0.0,0,0,0.008429817855358124,0.0,0.0,0.0,31.035430908203125,,1777874421508858107
1777874421622849611,31,0,1,0,true,-0.00045350193977355957,0.05637986585497856,0,0,0.0,0.0,47.64561080932617,0.0,0,0,-0.01273741852492094,0.0,0.0,0.0,31.0360107421875,,1777874421608847572
1777874421722556464,31,0,1,0,true,-0.0005698204040527344,-0.0005090442718937993,0,0,0.0,0.0,47.64224624633789,0.0,0,0,0.0030865438748151064,0.0,0.0,0.0,31.035064697265625,,1777874421708854833
1777874421823264579,31,0,1,0,true,-0.0004616081714630127,0.04604960232973099,0,0,0.0,0.0,47.64561080932617,0.0,0,0,-0.0035837218165397644,0.0,0.0,0.0,31.033660888671875,,1777874421808856353
1777874421922967765,31,0,1,0,true,-0.000754237174987793,-0.04073105379939079,0,0,0.0,0.0,47.682613372802734,0.0,0,0,0.008437404409050941,0.0,0.0,0.0,31.033935546875,,1777874421908864762
1777874422022695229,31,0,1,0,true,-0.000684589147567749,-0.04881119728088379,0,0,0.0,0.0,47.69270706176758,0.0,0,0,0.00990997813642025,0.0,0.0,0.0,31.035003662109375,,1777874422008858690
1777874422122439619,31,0,1,0,true,-0.0005411207675933838,0.04543494060635567,0,0,0.0,0.0,47.682613372802734,0.0,0,0,-0.006379174999892712,0.0,0.0,0.0,31.035064697265625,,1777874422109846361
1777874422223118197,31,0,1,0,true,-0.0007089972496032715,-0.011189461685717106,0,0,0.0,0.0,47.672523498535156,0.0,0,0,0.004532929509878159,0.0,0.0,0.0,31.03521728515625,,1777874422208867120
1777874422322856068,31,0,1,0,true,-0.0006489753723144531,-0.023203521966934204,0,0,0.0,0.0,47.67924880981445,0.0,0,0,0.007722956128418446,0.0,0.0,0.0,31.033966064453125,,1777874422308866140
1777874422422511866,31,0,1,0,true,-0.0006926357746124268,-0.0058250571601092815,0,0,0.0,0.0,47.67924880981445,0.0,0,0,-0.0010954027529805899,0.0,0.0,0.0,31.034515380859375,,1777874422408864272
1777874422523234499,31,0,1,0,true,-0.0006476640701293945,-0.024686215445399284,0,0,0.0,0.0,47.665794372558594,0.0,0,0,0.005448686890304089,0.0,0.0,0.0,31.03497314453125,,1777874422508849366
1777874422622948167,31,0,1,0,true,-0.00046831369400024414,0.04460044577717781,0,0,0.0,0.0,47.67588806152344,0.0,0,0,-0.004755071830004454,0.0,0.0,0.0,31.033935546875,,1777874422608857109
1777874422722659631,31,0,1,0,true,-0.0007039904594421387,-0.028549378737807274,0,0,0.0,0.0,47.67588806152344,0.0,0,0,0.003659033216536045,0.0,0.0,0.0,31.03460693359375,,1777874422708864870
1777874422823351635,31,0,1,0,true,-0.0007221698760986328,-0.008328497409820557,0,0,0.0,0.0,47.6590690612793,0.0,0,0,0.002524863462895155,0.0,0.0,0.0,31.034637451171875,,1777874422808865835
1777874422923088654,31,0,1,0,true,-0.000532686710357666,0.047107547521591187,0,0,0.0,0.0,47.682613372802734,0.0,0,0,-0.005208930000662804,0.0,0.0,0.0,31.034027099609375,,1777874422908866207
1777874423022829674,31,0,1,0,true,-0.0006266534328460693,-0.02068900503218174,0,0,0.0,0.0,47.685977935791016,0.0,0,0,0.00776686193421483,0.0,0.0,0.0,31.03558349609375,,1777874423008873857
1777874423122475045,31,0,1,0,true,-0.0005615651607513428,0.006703057326376438,0,0,0.0,0.0,47.696067810058594,0.0,0,0,0.0008040958200581372,0.0,0.0,0.0,31.0347900390625,,1777874423108855415
1777874423223204975,31,0,1,0,true,-0.0005775392055511475,0.03601738065481186,0,0,0.0,0.0,47.702796936035156,0.0,0,0,-0.0030410184990614653,0.0,0.0,0.0,31.03521728515625,,1777874423208862102
1777874423322901921,31,0,1,0,true,-0.0006856620311737061,-0.03627559542655945,0,0,0.0,0.0,47.702796936035156,0.0,0,0,0.007840286940336227,0.0,0.0,0.0,31.034942626953125,,1777874423308888937
1777874423422604181,31,0,1,0,true,-0.0005884766578674316,0.03770122304558754,0,0,0.0,0.0,47.682613372802734,0.0,0,0,-0.0048111979849636555,0.0,0.0,0.0,31.03570556640625,,1777874423408881994
1777874423523334074,31,0,1,0,true,-0.0005190372467041016,0.01870967634022236,0,0,0.0,0.0,47.67924880981445,0.0,0,0,0.0009821170242503285,0.0,0.0,0.0,31.03515625,,1777874423508896515
1777874423623032760,31,0,1,0,true,-0.0007589161396026611,-0.06072093918919563,0,0,0.0,0.0,47.696067810058594,0.0,0,0,0.011610223911702633,0.0,0.0,0.0,31.035003662109375,,1777874423608885535
1777874423722750817,31,0,1,0,true,-0.0005803406238555908,0.01016759779304266,0,0,0.0,0.0,47.685977935791016,0.0,0,0,-0.00014402761007659137,0.0,0.0,0.0,31.033905029296875,,1777874423708876111
1777874423822461836,31,0,1,0,true,-0.0005976557731628418,0.003700492437928915,0,0,0.0,0.0,47.669158935546875,0.0,0,0,0.0031037793960422277,0.0,0.0,0.0,31.034820556640625,,1777874423808882724
1777874423923157507,31,0,1,0,true,-0.0005176365375518799,0.06466860324144363,0,0,0.0,0.0,47.6893424987793,0.0,0,0,-0.007772053591907024,0.0,0.0,0.0,31.034515380859375,,1777874423908883393
1777874424022866785,31,0,1,0,true,-0.0005597472190856934,0.03630794212222099,0,0,0.0,0.0,47.669158935546875,0.0,0,0,-0.006539494264870882,0.0,0.0,0.0,31.03662109375,,1777874424008879080
1777874424122592398,31,0,1,0,true,-0.0007351338863372803,-0.02045060694217682,0,0,0.0,0.0,47.67924880981445,0.0,0,0,0.002970705972984433,0.0,0.0,0.0,31.035797119140625,,1777874424108900711
1777874424223294827,31,0,1,0,true,-0.00046938657760620117,0.05869690701365471,0,0,0.0,0.0,47.682613372802734,0.0,0,0,-0.007081225048750639,0.0,0.0,0.0,31.03369140625,,1777874424208886843
1777874424323005921,31,0,1,0,true,-0.0008040368556976318,-0.06586191058158875,0,0,0.0,0.0,47.67588806152344,0.0,0,0,0.012801440432667732,0.0,0.0,0.0,31.035491943359375,,1777874424308884771
1777874424422710293,31,0,1,0,true,-0.0004931986331939697,0.04428748041391373,0,0,0.0,0.0,47.67588806152344,0.0,0,0,-0.006484431680291891,0.0,0.0,0.0,31.03497314453125,,1777874424408899643
1777874424522466757,31,0,1,0,true,-0.0006319880485534668,-0.012929229065775871,0,0,0.0,0.0,47.672523498535156,0.0,0,0,0.002577467355877161,0.0,0.0,0.0,31.035552978515625,,1777874424508893034
1777874424622753574,31,0,1,0,true,-0.0004557967185974121,0.058104611933231354,0,0,0.0,0.0,47.665794372558594,0.0,0,0,-0.007978210225701332,0.0,0.0,0.0,31.035888671875,,1777874424608893702
1777874424722849687,31,0,1,0,true,-0.0007025599479675293,0.013237209990620613,0,0,0.0,0.0,47.665794372558594,0.0,0,0,-0.0005980159621685743,0.0,0.0,0.0,31.03515625,,1777874424708901815
1777874424822529818,31,0,1,0,true,-0.0006292462348937988,0.018098708242177963,0,0,0.0,0.0,47.64561080932617,0.0,0,0,-0.002438419731333852,0.0,0.0,0.0,31.034454345703125,,1777874424808889724
1777874424923257989,31,0,1,0,true,-0.0006960928440093994,0.004102783277630806,0,0,0.0,0.0,47.665794372558594,0.0,0,0,-0.0015160271432250738,0.0,0.0,0.0,31.034698486328125,,1777874424908899060
1777874425022960027,31,0,1,0,true,-0.0007134974002838135,-0.0558706596493721,0,0,0.0,0.0,47.67588806152344,0.0,0,0,0.0117459986358881,0.0,0.0,0.0,31.0361328125,,1777874425008932302
1777874425123211177,31,0,1,0,true,-0.0006088912487030029,-0.009434910491108894,0,0,0.0,0.0,47.672523498535156,0.0,0,0,0.006292624864727259,0.0,0.0,0.0,31.034759521484375,,1777874425108901397
1777874425223349383,31,0,1,0,true,-0.0005184710025787354,0.016381366178393364,0,0,0.0,0.0,47.685977935791016,0.0,0,0,0.005191540811210871,0.0,0.0,0.0,31.034393310546875,,1777874425208903862
1777874425323072107,31,0,1,0,true,-0.0006783902645111084,-0.017786994576454163,0,0,0.0,0.0,47.682613372802734,0.0,0,0,0.006238051224499941,0.0,0.0,0.0,31.03515625,,1777874425308890752
1777874425422792960,31,0,1,0,true,-0.000784456729888916,-0.08517004549503326,0,0,0.0,0.0,47.69270706176758,0.0,0,0,0.01635715737938881,0.0,0.0,0.0,31.0361328125,,1777874425408910032
1777874425522484739,31,0,1,0,true,-0.0005744695663452148,0.003901659743860364,0,0,0.0,0.0,47.699432373046875,0.0,0,0,0.004814320243895054,0.0,0.0,0.0,31.033935546875,,1777874425508906015
1777874425623204854,31,0,1,0,true,-0.0006166994571685791,-0.0013174614869058132,0,0,0.0,0.0,47.702796936035156,0.0,0,0,0.002262750407680869,0.0,0.0,0.0,31.03411865234375,,1777874425608895073
1777874425722907281,31,0,1,0,true,-0.0006416141986846924,0.04433595389127731,0,0,0.0,0.0,47.696067810058594,0.0,0,0,-0.008250337094068527,0.0,0.0,0.0,31.03387451171875,,1777874425708894075
1777874425822613467,31,0,1,0,true,-0.0005863308906555176,-0.0205958504229784,0,0,0.0,0.0,47.685977935791016,0.0,0,0,0.004763426724821329,0.0,0.0,0.0,31.03497314453125,,1777874425808904095
1777874425923328322,31,0,1,0,true,-0.0006006062030792236,0.01388917863368988,0,0,0.0,0.0,47.69270706176758,0.0,0,0,-0.002436856273561716,0.0,0.0,0.0,31.034149169921875,,1777874425908905967
1777874426023049194,31,0,1,0,true,-0.0006032288074493408,0.017860328778624535,0,0,0.0,0.0,47.682613372802734,0.0,0,0,-0.0031399887520819902,0.0,0.0,0.0,31.03485107421875,,1777874426008901154
1777874426122762788,31,0,1,0,true,-0.0006241798400878906,-0.04016106203198433,0,0,0.0,0.0,47.669158935546875,0.0,0,0,0.007187834475189447,0.0,0.0,0.0,31.0350341796875,,1777874426108922860
1777874426222553789,31,0,1,0,true,-0.0007490217685699463,-0.016699181869626045,0,0,0.0,0.0,47.67924880981445,0.0,0,0,0.0033460864797234535,0.0,0.0,0.0,31.034820556640625,,1777874426208901917
1777874426323174052,31,0,1,0,true,-0.0007982850074768066,-0.06764624267816544,0,0,0.0,0.0,47.67924880981445,0.0,0,0,0.011938463896512985,0.0,0.0,0.0,31.03558349609375,,1777874426308911567
1777874426422879905,31,0,1,0,true,-0.0005997717380523682,-0.026299243792891502,0,0,0.0,0.0,47.67924880981445,0.0,0,0,0.0054204282350838184,0.0,0.0,0.0,31.03546142578125,,1777874426408929069
1777874426522588813,31,0,1,0,true,-0.0007272064685821533,-0.025561636313796043,0,0,0.0,0.0,47.682613372802734,0.0,0,0,0.005239938385784626,0.0,0.0,0.0,31.03582763671875,,1777874426508913405
1777874426623284706,31,0,1,0,true,-0.0009227991104125977,-0.07054825127124786,0,0,0.0,0.0,47.669158935546875,0.0,0,0,0.01241401955485344,0.0,0.0,0.0,31.034332275390625,,1777874426608923166
1777874426722997059,31,0,1,0,true,-0.0006820857524871826,0.004486576188355684,0,0,0.0,0.0,47.67924880981445,0.0,0,0,-0.003835381707176566,0.0,0.0,0.0,31.034515380859375,,1777874426708909168
1777874426822710282,31,0,1,0,true,-0.00036457180976867676,0.12244418263435364,0,0,0.0,0.0,47.67924880981445,0.0,0,0,-0.017902961000800133,0.0,0.0,0.0,31.0341796875,,1777874426808941133
1777874426922416265,31,0,1,0,true,-0.0007390379905700684,-0.031946755945682526,0,0,0.0,0.0,47.652339935302734,0.0,0,0,0.006043677683919668,0.0,0.0,0.0,31.034637451171875,,1777874426908932134
1777874427023132435,31,0,1,0,true,-0.000488579273223877,0.09450448304414749,0,0,0.0,0.0,47.665794372558594,0.0,0,0,-0.013324880041182041,0.0,0.0,0.0,31.034820556640625,,1777874427008920266
1777874427122840251,31,0,1,0,true,-0.0006871521472930908,-0.056705061346292496,0,0,0.0,0.0,47.672523498535156,0.0,0,0,0.011148739606142044,0.0,0.0,0.0,31.035369873046875,,1777874427108926416
1777874427222542234,31,0,1,0,true,-0.0004691779613494873,0.0959424301981926,0,0,0.0,0.0,47.652339935302734,0.0,0,0,-0.016978677362203598,0.0,0.0,0.0,31.0350341796875,,1777874427208935844
1777874427323260404,31,0,1,0,true,-0.000651925802230835,0.020155133679509163,0,0,0.0,0.0,47.6590690612793,0.0,0,0,-0.0057792034931480885,0.0,0.0,0.0,31.03533935546875,,1777874427308924383
1777874427422961609,31,0,1,0,true,-0.0006293058395385742,0.010640759021043777,0,0,0.0,0.0,47.655704498291016,0.0,0,0,-0.001220316276885569,0.0,0.0,0.0,31.03607177734375,,1777874427408956477
1777874427522670369,31,0,1,0,true,-0.0006411969661712646,-0.04775688424706459,0,0,0.0,0.0,47.665794372558594,0.0,0,0,0.010626009665429592,0.0,0.0,0.0,31.035369873046875,,1777874427508927016
1777874427623387151,31,0,1,0,true,-0.00061759352684021,-0.04332004114985466,0,0,0.0,0.0,47.67924880981445,0.0,0,0,0.009110517799854279,0.0,0.0,0.0,31.0357666015625,,1777874427608930425
1777874427723078967,31,0,1,0,true,-0.0006475746631622314,0.011579553596675396,0,0,0.0,0.0,47.669158935546875,0.0,0,0,0.0007965852273628116,0.0,0.0,0.0,31.036041259765625,,1777874427708923094
1777874427822859949,31,0,1,0,true,-0.0007108747959136963,-0.034189388155937195,0,0,0.0,0.0,47.669158935546875,0.0,0,0,0.008258471265435219,0.0,0.0,0.0,31.036041259765625,,1777874427808930633
1777874427922525321,31,0,1,0,true,-0.0007342100143432617,-0.0813441053032875,0,0,0.0,0.0,47.6590690612793,0.0,0,0,0.0167597196996212,0.0,0.0,0.0,31.036346435546875,,1777874427908934949
1777874428023211028,31,0,1,0,true,-0.0006423890590667725,0.011840288527309895,0,0,0.0,0.0,47.67924880981445,0.0,0,0,-0.00040978568722493947,0.0,0.0,0.0,31.035888671875,,1777874428008926840
1777874428122923196,31,0,1,0,true,-0.0004916787147521973,0.011385803110897541,0,0,0.0,0.0,47.672523498535156,0.0,0,0,-0.0010731342481449246,0.0,0.0,0.0,31.036285400390625,,1777874428108938212
1777874428222631642,31,0,1,0,true,-0.00034865736961364746,0.08010997623205185,0,0,0.0,0.0,47.665794372558594,0.0,0,0,-0.009385396726429462,0.0,0.0,0.0,31.035125732421875,,1777874428208936733
1777874428323313942,31,0,1,0,true,-0.00046578049659729004,0.06578250229358673,0,0,0.0,0.0,47.652339935302734,0.0,0,0,-0.008165082894265652,0.0,0.0,0.0,31.035980224609375,,1777874428308925105
1777874428423026998,31,0,1,0,true,-0.0007083415985107422,-0.04047022759914398,0,0,0.0,0.0,47.66242980957031,0.0,0,0,0.010606754571199417,0.0,0.0,0.0,31.036651611328125,,1777874428408940366
1777874428522757055,31,0,1,0,true,-0.0005930662155151367,-0.02524867281317711,0,0,0.0,0.0,47.6590690612793,0.0,0,0,0.00538682984188199,0.0,0.0,0.0,31.0350341796875,,1777874428508939850
1777874428622446963,31,0,1,0,true,-0.0005205869674682617,0.04122170805931091,0,0,0.0,0.0,47.6590690612793,0.0,0,0,-0.002725526224821806,0.0,0.0,0.0,31.036529541015625,,1777874428608951111
1777874428723165523,31,0,1,0,true,-0.000582575798034668,-0.013599677011370659,0,0,0.0,0.0,47.669158935546875,0.0,0,0,0.007512288633733988,0.0,0.0,0.0,31.03662109375,,1777874428708941557
1777874428822865061,31,0,1,0,true,-0.0005211234092712402,-0.021698463708162308,0,0,0.0,0.0,47.66242980957031,0.0,0,0,0.005004007834941149,0.0,0.0,0.0,31.03515625,,1777874428808959170
1777874428922574395,31,0,1,0,true,-0.0006428360939025879,-0.04618106409907341,0,0,0.0,0.0,47.682613372802734,0.0,0,0,0.009062797762453556,0.0,0.0,0.0,31.036346435546875,,1777874428908940265
1777874429023281510,31,0,1,0,true,-0.0004756748676300049,0.05405533313751221,0,0,0.0,0.0,47.66242980957031,0.0,0,0,-0.006448845844715834,0.0,0.0,0.0,31.035552978515625,,1777874429008957915
1777874429122985271,31,0,1,0,true,-0.0008107125759124756,-0.06460259109735489,0,0,0.0,0.0,47.6590690612793,0.0,0,0,0.01118946261703968,0.0,0.0,0.0,31.0361328125,,1777874429108955194
1777874429222696605,31,0,1,0,true,-0.0007018446922302246,-0.02870197221636772,0,0,0.0,0.0,47.64897537231445,0.0,0,0,0.010089167393743992,0.0,0.0,0.0,31.03656005859375,,1777874429208956955
1777874429323408572,31,0,1,0,true,-0.0006649196147918701,0.00484428508207202,0,0,0.0,0.0,47.6590690612793,0.0,0,0,0.0028156922198832035,0.0,0.0,0.0,31.036285400390625,,1777874429308957476
1777874429423173629,31,0,1,0,true,-0.0005090236663818359,0.06628921627998352,0,0,0.0,0.0,47.672523498535156,0.0,0,0,-0.007857277058064938,0.0,0.0,0.0,31.035247802734375,,1777874429408962515
1777874429522835259,31,0,1,0,true,-0.0006456971168518066,-0.016799647361040115,0,0,0.0,0.0,47.66242980957031,0.0,0,0,0.005474540870636702,0.0,0.0,0.0,31.03607177734375,,1777874429508946905
1777874429622545260,31,0,1,0,true,-0.00046941637992858887,0.09356579929590225,0,0,0.0,0.0,47.6590690612793,0.0,0,0,-0.01405093353241682,0.0,0.0,0.0,31.035491943359375,,1777874429608963574
1777874429723246153,31,0,1,0,true,-0.0006477534770965576,0.039202649146318436,0,0,0.0,0.0,47.64561080932617,0.0,0,0,-0.006263958755880594,0.0,0.0,0.0,31.0352783203125,,1777874429708950113
1777874429822953135,31,0,1,0,true,-0.0007117092609405518,-0.024186883121728897,0,0,0.0,0.0,47.66242980957031,0.0,0,0,0.0053346059285104275,0.0,0.0,0.0,31.035369873046875,,1777874429808952170
1777874429922692192,31,0,1,0,true,-0.0006118714809417725,0.03631182387471199,0,0,0.0,0.0,47.66242980957031,0.0,0,0,-0.00760122062638402,0.0,0.0,0.0,31.036224365234375,,1777874429908953043
1777874430023386622,31,0,1,0,true,-0.0006700456142425537,-0.016758641228079796,0,0,0.0,0.0,47.6590690612793,0.0,0,0,0.0024278077762573957,0.0,0.0,0.0,31.036468505859375,,1777874430008958563
1777874430123130271,31,0,1,0,true,-0.0006290078163146973,0.002560695866122842,0,0,0.0,0.0,47.66242980957031,0.0,0,0,0.001380109111778438,0.0,0.0,0.0,31.036529541015625,,1777874430108962324
1777874430222813550,31,0,1,0,true,-0.0007739663124084473,-0.061816081404685974,0,0,0.0,0.0,47.696067810058594,0.0,0,0,0.014027392491698265,0.0,0.0,0.0,31.035980224609375,,1777874430208950604
1777874430322540884,31,0,1,0,true,-0.0006810128688812256,-0.014817794784903526,0,0,0.0,0.0,47.67588806152344,0.0,0,0,0.00188675697427243,0.0,0.0,0.0,31.034515380859375,,1777874430308968476
1777874430423216870,31,0,1,0,true,-0.0006577372550964355,-0.01989164389669895,0,0,0.0,0.0,47.652339935302734,0.0,0,0,0.0057346210815012455,0.0,0.0,0.0,31.03533935546875,,1777874430408958941
1777874430522930130,31,0,1,0,true,-0.0005662441253662109,0.0395677275955677,0,0,0.0,0.0,47.64561080932617,0.0,0,0,-0.005930162034928799,0.0,0.0,0.0,31.035064697265625,,1777874430508954184
1777874430622642983,31,0,1,0,true,-0.0004691183567047119,0.05104537308216095,0,0,0.0,0.0,47.6590690612793,0.0,0,0,-0.007094013970345259,0.0,0.0,0.0,31.03515625,,1777874430608967371
1777874430723339431,31,0,1,0,true,-0.0006176233291625977,-0.01818545162677765,0,0,0.0,0.0,47.6590690612793,0.0,0,0,0.005002083722501993,0.0,0.0,0.0,31.0357666015625,,1777874430708970502
1777874430823070081,31,0,1,0,true,-0.0005330443382263184,0.012257627211511135,0,0,0.0,0.0,47.66242980957031,0.0,0,0,0.00048226979561150074,0.0,0.0,0.0,31.03619384765625,,1777874430808977152
1777874430922846415,31,0,1,0,true,-0.0005418360233306885,0.06069016084074974,0,0,0.0,0.0,47.655704498291016,0.0,0,0,-0.00888399500399828,0.0,0.0,0.0,31.03558349609375,,1777874430908988525
1777874431022616731,31,0,1,0,true,-0.0006206631660461426,0.01947728544473648,0,0,0.0,0.0,47.64897537231445,0.0,0,0,-0.0012155160075053573,0.0,0.0,0.0,31.035919189453125,,1777874431008973637
1777874431123202809,31,0,1,0,true,-0.000594019889831543,0.013285853900015354,0,0,0.0,0.0,47.672523498535156,0.0,0,0,-0.0022016973234713078,0.0,0.0,0.0,31.036529541015625,,1777874431108975528
1777874431222921291,31,0,1,0,true,-0.0007051229476928711,-0.028359171003103256,0,0,0.0,0.0,47.672523498535156,0.0,0,0,0.006150370929390192,0.0,0.0,0.0,31.035491943359375,,1777874431208976456
1777874431322619737,31,0,1,0,true,-0.0006694793701171875,0.009903321042656898,0,0,0.0,0.0,47.665794372558594,0.0,0,0,-0.0019178548827767372,0.0,0.0,0.0,31.03704833984375,,1777874431308970199
1777874431423324611,31,0,1,0,true,-0.0005946755409240723,0.0077985310927033424,0,0,0.0,0.0,47.652339935302734,0.0,0,0,-0.0013187931617721915,0.0,0.0,0.0,31.03662109375,,1777874431408985164
1777874431523054742,31,0,1,0,true,-0.0006943047046661377,0.005947061814367771,0,0,0.0,0.0,47.6590690612793,0.0,0,0,-0.004321633372455835,0.0,0.0,0.0,31.035675048828125,,1777874431508980758
1777874431622763169,31,0,1,0,true,-0.00047785043716430664,0.07999839633703232,0,0,0.0,0.0,47.6590690612793,0.0,0,0,-0.014547403901815414,0.0,0.0,0.0,31.03564453125,,1777874431608985815
1777874431722454559,31,0,1,0,true,-0.0007139444351196289,-0.002792452462017536,0,0,0.0,0.0,47.66242980957031,0.0,0,0,0.0030637094751000404,0.0,0.0,0.0,31.03546142578125,,1777874431708978077
1777874431823186618,31,0,1,0,true,-0.000514596700668335,0.009068873710930347,0,0,0.0,0.0,47.638885498046875,0.0,0,0,0.0026524257846176624,0.0,0.0,0.0,31.03558349609375,,1777874431808992134
1777874431922883693,31,0,1,0,true,-0.0006574094295501709,0.0011749754194170237,0,0,0.0,0.0,47.665794372558594,0.0,0,0,-0.0027878147084265947,0.0,0.0,0.0,31.03558349609375,,1777874431908969080
1777874432022614250,31,0,1,0,true,-0.0006667375564575195,0.005075349006801844,0,0,0.0,0.0,47.665794372558594,0.0,0,0,-0.0010735800024122,0.0,0.0,0.0,31.035980224609375,,1777874432008977453
1777874432123313365,31,0,1,0,true,-0.0008620321750640869,-0.07835252583026886,0,0,0.0,0.0,47.66242980957031,0.0,0,0,0.012388939037919044,0.0,0.0,0.0,31.03564453125,,1777874432108995529
1777874432223005273,31,0,1,0,true,-0.0006421804428100586,-0.028143052011728287,0,0,0.0,0.0,47.652339935302734,0.0,0,0,0.008671949617564678,0.0,0.0,0.0,31.035980224609375,,1777874432209004197
1777874432322716737,31,0,1,0,true,-0.0006007850170135498,-0.019202357158064842,0,0,0.0,0.0,47.665794372558594,0.0,0,0,0.008055247366428375,0.0,0.0,0.0,31.036651611328125,,1777874432308983884
1777874432422440998,31,0,1,0,true,-0.00040528178215026855,0.08146613836288452,0,0,0.0,0.0,47.672523498535156,0.0,0,0,-0.009490526281297207,0.0,0.0,0.0,31.036468505859375,,1777874432408992701
1777874432523133428,31,0,1,0,true,-0.0007278621196746826,-0.040905922651290894,0,0,0.0,0.0,47.638885498046875,0.0,0,0,0.0051940144039690495,0.0,0.0,0.0,31.035980224609375,,1777874432508980703
1777874432622897225,31,0,1,0,true,-0.0006206333637237549,-0.006093068979680538,0,0,0.0,0.0,47.64897537231445,0.0,0,0,-0.0008497824892401695,0.0,0.0,0.0,31.03656005859375,,1777874432608989575
1777874432722578893,31,0,1,0,true,-0.0005662441253662109,0.04614293947815895,0,0,0.0,0.0,47.652339935302734,0.0,0,0,-0.00700369430705905,0.0,0.0,0.0,31.035675048828125,,1777874432709008781
1777874432823253915,31,0,1,0,true,-0.00040471553802490234,0.06531701236963272,0,0,0.0,0.0,47.655704498291016,0.0,0,0,-0.008112174458801746,0.0,0.0,0.0,31.036834716796875,,1777874432808998301
1777874432922976175,31,0,1,0,true,-0.0006601512432098389,-0.02658589743077755,0,0,0.0,0.0,47.66242980957031,0.0,0,0,0.0042358273640275,0.0,0.0,0.0,31.03564453125,,1777874432908991581
1777874433022681639,31,0,1,0,true,-0.0006000399589538574,0.006759152747690678,0,0,0.0,0.0,47.652339935302734,0.0,0,0,0.00001470596544095315,0.0,0.0,0.0,31.035552978515625,,1777874433008993731
1777874433123382236,31,0,1,0,true,-0.0006051063537597656,0.02725197747349739,0,0,0.0,0.0,47.64897537231445,0.0,0,0,-0.004709980450570583,0.0,0.0,0.0,31.0362548828125,,1777874433109008381
1777874433223088237,31,0,1,0,true,-0.0006455481052398682,0.019231406971812248,0,0,0.0,0.0,47.638885498046875,0.0,0,0,-0.0029542737174779177,0.0,0.0,0.0,31.036529541015625,,1777874433209003234
1777874433322809497,31,0,1,0,true,-0.0004716217517852783,0.04209352284669876,0,0,0.0,0.0,47.716251373291016,0.0,0,0,-0.008224434219300747,0.0,0.0,0.0,31.036651611328125,,1777874433309012199
1777874433422500257,31,0,1,0,true,-0.0005764365196228027,0.026253603398799896,0,0,0.0,0.0,47.712890625,0.0,0,0,0.0011235498823225498,0.0,0.0,0.0,31.036468505859375,,1777874433409756426
1777874433523221021,31,0,1,0,true,-0.0007223784923553467,-0.0029154119547456503,0,0,0.0,0.0,47.72634506225586,0.0,0,0,-0.0021732659079134464,0.0,0.0,0.0,31.03656005859375,,1777874433509000425
1777874433622924836,31,0,1,0,true,-0.0005283951759338379,0.014988325536251068,0,0,0.0,0.0,47.716251373291016,0.0,0,0,0.0001326535566477105,0.0,0.0,0.0,31.036834716796875,,1777874433609003094
1777874433722617282,31,0,1,0,true,-0.000622481107711792,0.049622368067502975,0,0,0.0,0.0,47.70952606201172,0.0,0,0,-0.006178122013807297,0.0,0.0,0.0,31.035614013671875,,1777874433708991633
1777874433823349434,31,0,1,0,true,-0.0007421374320983887,-0.015238682739436626,0,0,0.0,0.0,47.7196159362793,0.0,0,0,0.00579445855692029,0.0,0.0,0.0,31.03692626953125,,1777874433809004116
1777874433923050713,31,0,1,0,true,-0.0005404055118560791,0.09451956301927567,0,0,0.0,0.0,47.712890625,0.0,0,0,-0.016926560550928116,0.0,0.0,0.0,31.036865234375,,1777874433909252452
1777874434022780677,31,0,1,0,true,-0.0005787014961242676,0.0047586942091584206,0,0,0.0,0.0,47.699432373046875,0.0,0,0,0.0007775659905746579,0.0,0.0,0.0,31.03662109375,,1777874434009010564
1777874434122462659,31,0,1,0,true,-0.0007605850696563721,-0.0818505808711052,0,0,0.0,0.0,47.70952606201172,0.0,0,0,0.015033901669085026,0.0,0.0,0.0,31.037109375,,1777874434109009900
1777874434223226849,31,0,1,0,true,-0.0007326900959014893,-0.03893525153398514,0,0,0.0,0.0,47.70952606201172,0.0,0,0,0.009860904887318611,0.0,0.0,0.0,31.037109375,,1777874434209020642
1777874434322883090,31,0,1,0,true,-0.0006866157054901123,-0.06986259669065475,0,0,0.0,0.0,47.72970962524414,0.0,0,0,0.013313679955899715,0.0,0.0,0.0,31.03662109375,,1777874434309016422
1777874434422597832,31,0,1,0,true,-0.0006581246852874756,0.012630246579647064,0,0,0.0,0.0,47.696067810058594,0.0,0,0,0.0016831876710057259,0.0,0.0,0.0,31.035980224609375,,1777874434409022072
1777874434523296706,31,0,1,0,true,-0.0007245242595672607,-0.04458274692296982,0,0,0.0,0.0,47.716251373291016,0.0,0,0,0.008407274261116982,0.0,0.0,0.0,31.0362548828125,,1777874434509011389
1777874434623011559,31,0,1,0,true,-0.0005134940147399902,0.008603230118751526,0,0,0.0,0.0,47.72970962524414,0.0,0,0,0.0014802349032834172,0.0,0.0,0.0,31.036102294921875,,1777874434609004539
1777874434722728412,31,0,1,0,true,-0.0007491111755371094,0.007303084712475538,0,0,0.0,0.0,47.652339935302734,0.0,0,0,0.0006973386043682694,0.0,0.0,0.0,31.03692626953125,,1777874434709034448
1777874434823406786,31,0,1,0,true,-0.0007131397724151611,-0.039188530296087265,0,0,0.0,0.0,47.63215637207031,0.0,0,0,0.007758683990687132,0.0,0.0,0.0,31.036346435546875,,1777874434809018209
1777874434923123787,31,0,1,0,true,-0.0006051361560821533,-0.010637911967933178,0,0,0.0,0.0,47.63215637207031,0.0,0,0,0.005297413095831871,0.0,0.0,0.0,31.03607177734375,,1777874434909012266
1777874435022843344,31,0,1,0,true,-0.0005094707012176514,0.03375263884663582,0,0,0.0,0.0,47.63215637207031,0.0,0,0,-0.0063614146783947945,0.0,0.0,0.0,31.038055419921875,,1777874435009022750
1777874435122526604,31,0,1,0,true,-0.0006961226463317871,-0.020752087235450745,0,0,0.0,0.0,47.64897537231445,0.0,0,0,0.007635902613401413,0.0,0.0,0.0,31.03753662109375,,1777874435109034696
1777874435223246201,31,0,1,0,true,-0.000649571418762207,-0.016639351844787598,0,0,0.0,0.0,47.652339935302734,0.0,0,0,0.005370584782212973,0.0,0.0,0.0,31.036834716796875,,1777874435209017291
1777874435322960035,31,0,1,0,true,-0.000750809907913208,-0.055166296660900116,0,0,0.0,0.0,47.655704498291016,0.0,0,0,0.008328563533723354,0.0,0.0,0.0,31.037078857421875,,1777874435309036793
1777874435422659147,31,0,1,0,true,-0.0006000697612762451,0.0034027318470180035,0,0,0.0,0.0,47.638885498046875,0.0,0,0,0.0018341779941692948,0.0,0.0,0.0,31.03717041015625,,1777874435409032646
1777874435523367077,31,0,1,0,true,-0.0005302131175994873,0.03764186426997185,0,0,0.0,0.0,47.64224624633789,0.0,0,0,-0.006149740889668465,0.0,0.0,0.0,31.0382080078125,,1777874435509035704
1777874435623095375,31,0,1,0,true,-0.0005640983581542969,0.036900512874126434,0,0,0.0,0.0,47.61870193481445,0.0,0,0,-0.0003628935955930501,0.0,0.0,0.0,31.036865234375,,1777874435609043520
1777874435722771764,31,0,1,0,true,-0.0007388591766357422,-0.0235050730407238,0,0,0.0,0.0,47.6590690612793,0.0,0,0,0.007212537340819836,0.0,0.0,0.0,31.03662109375,,1777874435709030430
1777874435822553506,31,0,1,0,true,-0.0007272958755493164,-0.021135810762643814,0,0,0.0,0.0,47.7196159362793,0.0,0,0,0.0019755831453949213,0.0,0.0,0.0,31.0377197265625,,1777874435809035598
1777874435922708898,31,0,1,0,true,-0.0008203387260437012,-0.10960027575492859,0,0,0.0,0.0,47.7196159362793,0.0,0,0,0.017077717930078506,0.0,0.0,0.0,31.037139892578125,,1777874435909044415
1777874436022904622,31,0,1,0,true,-0.0006910264492034912,-0.007747102528810501,0,0,0.0,0.0,47.72298049926758,0.0,0,0,0.00179931556340307,0.0,0.0,0.0,31.0377197265625,,1777874436009032287
1777874436122622679,31,0,1,0,true,-0.0006101727485656738,0.006520769093185663,0,0,0.0,0.0,47.72970962524414,0.0,0,0,0.00238929595798254,0.0,0.0,0.0,31.0367431640625,,1777874436109029345
1777874436223327590,31,0,1,0,true,-0.0007436275482177734,-0.03982186317443848,0,0,0.0,0.0,47.72634506225586,0.0,0,0,0.007238921243697405,0.0,0.0,0.0,31.03826904296875,,1777874436209030569
1777874436323031721,31,0,1,0,true,-0.0006048679351806641,0.011918697506189346,0,0,0.0,0.0,47.716251373291016,0.0,0,0,-0.000926472304854542,0.0,0.0,0.0,31.0374755859375,,1777874436309041034
1777874436422504981,31,0,1,0,true,-0.0007564425468444824,-0.0423252247273922,0,0,0.0,0.0,47.733070373535156,0.0,0,0,0.007387087214738131,0.0,0.0,0.0,31.037322998046875,,1777874436409035887
1777874436522460112,31,0,1,0,true,-0.0005368590354919434,0.033320508897304535,0,0,0.0,0.0,47.733070373535156,0.0,0,0,-0.000492532504722476,0.0,0.0,0.0,31.037322998046875,,1777874436509034556
1777874436623169153,31,0,1,0,true,-0.0005871355533599854,-0.030501142144203186,0,0,0.0,0.0,47.78016662597656,0.0,0,0,0.005096463952213526,0.0,0.0,0.0,31.03619384765625,,1777874436609055576
1777874436722889580,31,0,1,0,true,-0.0006889998912811279,-0.049615588039159775,0,0,0.0,0.0,47.682613372802734,0.0,0,0,0.006140359677374363,0.0,0.0,0.0,31.03741455078125,,1777874436709038467
1777874436822641451,31,0,1,0,true,-0.0005828738212585449,0.006230232305824757,0,0,0.0,0.0,47.702796936035156,0.0,0,0,0.0017227857606485486,0.0,0.0,0.0,31.037628173828125,,1777874436809051173
1777874436922832435,31,0,1,0,true,-0.0005974471569061279,-0.015432335436344147,0,0,0.0,0.0,47.72634506225586,0.0,0,0,0.006237324792891741,0.0,0.0,0.0,31.03778076171875,,1777874436909045786
1777874437023018512,31,0,1,0,true,-0.00046876072883605957,0.06501901149749756,0,0,0.0,0.0,47.72634506225586,0.0,0,0,-0.011912209913134575,0.0,0.0,0.0,31.036346435546875,,1777874437009048658
1777874437122721383,31,0,1,0,true,-0.0006112754344940186,-0.008492141030728817,0,0,0.0,0.0,47.72298049926758,0.0,0,0,0.00482013076543808,0.0,0.0,0.0,31.03826904296875,,1777874437109055030
1777874437222418421,31,0,1,0,true,-0.000530630350112915,0.03504904732108116,0,0,0.0,0.0,47.67588806152344,0.0,0,0,-0.0031920024193823338,0.0,0.0,0.0,31.0379638671875,,1777874437209047199
1777874437323145166,31,0,1,0,true,-0.000800788402557373,-0.07791295647621155,0,0,0.0,0.0,47.67588806152344,0.0,0,0,0.014840522781014442,0.0,0.0,0.0,31.03802490234375,,1777874437309045015
1777874437423140001,31,0,1,0,true,-0.00077095627784729,-0.06657689809799194,0,0,0.0,0.0,47.67924880981445,0.0,0,0,0.009783056564629078,0.0,0.0,0.0,31.038238525390625,,1777874437409063425
1777874437522556890,31,0,1,0,true,-0.0006474852561950684,-0.02421661466360092,0,0,0.0,0.0,47.69270706176758,0.0,0,0,0.005380498711019754,0.0,0.0,0.0,31.036834716796875,,1777874437509035501
1777874437623273857,31,0,1,0,true,-0.0006504058837890625,-0.017328551039099693,0,0,0.0,0.0,47.702796936035156,0.0,0,0,0.005465762224048376,0.0,0.0,0.0,31.037353515625,,1777874437609059354
1777874437722983099,31,0,1,0,true,-0.0005488097667694092,0.00625256123021245,0,0,0.0,0.0,47.72298049926758,0.0,0,0,0.0011434619082137942,0.0,0.0,0.0,31.037567138671875,,1777874437709063430
1777874437822690396,31,0,1,0,true,-0.0007482469081878662,-0.08370576053857803,0,0,0.0,0.0,47.72298049926758,0.0,0,0,0.01431678980588913,0.0,0.0,0.0,31.03729248046875,,1777874437809067858
1777874437922428990,31,0,1,0,true,-0.000447005033493042,0.044228166341781616,0,0,0.0,0.0,47.70952606201172,0.0,0,0,-0.0042555988766252995,0.0,0.0,0.0,31.03863525390625,,1777874437909062712
1777874438023105846,31,0,1,0,true,-0.0007524490356445312,-0.0340886265039444,0,0,0.0,0.0,47.70616149902344,0.0,0,0,0.007394168525934219,0.0,0.0,0.0,31.0379638671875,,1777874438009083436
1777874438122816013,31,0,1,0,true,-0.0007624626159667969,-0.00454705860465765,0,0,0.0,0.0,47.70952606201172,0.0,0,0,0.0023606838658452034,0.0,0.0,0.0,31.0379638671875,,1777874438109055456
1777874438222530163,31,0,1,0,true,-0.0005305111408233643,0.03561156988143921,0,0,0.0,0.0,47.712890625,0.0,0,0,-0.00455346517264843,0.0,0.0,0.0,31.038543701171875,,1777874438209064514
1777874438323235222,31,0,1,0,true,-0.0005190074443817139,0.07876905798912048,0,0,0.0,0.0,47.702796936035156,0.0,0,0,-0.010101609863340855,0.0,0.0,0.0,31.03790283203125,,1777874438309064701
1777874438422951779,31,0,1,0,true,-0.0005923807621002197,0.015804218128323555,0,0,0.0,0.0,47.72298049926758,0.0,0,0,-0.00003662259769043885,0.0,0.0,0.0,31.037139892578125,,1777874438409059962
1777874438522656817,31,0,1,0,true,-0.0006827116012573242,-0.06204688549041748,0,0,0.0,0.0,47.716251373291016,0.0,0,0,0.01084310095757246,0.0,0.0,0.0,31.037261962890625,,1777874438509068001
1777874438623357561,31,0,1,0,true,-0.0007381439208984375,-0.01623326539993286,0,0,0.0,0.0,47.712890625,0.0,0,0,0.0022235095966607332,0.0,0.0,0.0,31.037353515625,,1777874438609075484
1777874438723066859,31,0,1,0,true,-0.0004948973655700684,0.05799689516425133,0,0,0.0,0.0,47.712890625,0.0,0,0,-0.007484965492039919,0.0,0.0,0.0,31.03717041015625,,1777874438709072560
1777874438822750341,31,0,1,0,true,-0.0003727376461029053,0.04313670098781586,0,0,0.0,0.0,47.72970962524414,0.0,0,0,-0.003832698566839099,0.0,0.0,0.0,31.037261962890625,,1777874438809065284
1777874438922495602,31,0,1,0,true,-0.0006127357482910156,-0.023709887638688087,0,0,0.0,0.0,47.72298049926758,0.0,0,0,0.007277578115463257,0.0,0.0,0.0,31.036773681640625,,1777874438909073212
1777874439023255050,31,0,1,0,true,-0.0006929934024810791,-0.002747688675299287,0,0,0.0,0.0,47.72298049926758,0.0,0,0,0.0034841897431761026,0.0,0.0,0.0,31.03717041015625,,1777874439009068751
1777874439122918736,31,0,1,0,true,-0.0007411539554595947,-0.03183102607727051,0,0,0.0,0.0,47.7196159362793,0.0,0,0,0.0059830122627317905,0.0,0.0,0.0,31.037994384765625,,1777874439109084716
1777874439222667348,31,0,1,0,true,-0.0008083581924438477,-0.09323874861001968,0,0,0.0,0.0,47.70952606201172,0.0,0,0,0.015919826924800873,0.0,0.0,0.0,31.03802490234375,,1777874439209064681
1777874439323316519,31,0,1,0,true,-0.0004904568195343018,0.022357014939188957,0,0,0.0,0.0,47.712890625,0.0,0,0,-0.0002970412315335125,0.0,0.0,0.0,31.038360595703125,,1777874439309095868
1777874439423050224,31,0,1,0,true,-0.0009011626243591309,-0.09557449072599411,0,0,0.0,0.0,47.70952606201172,0.0,0,0,0.01694948598742485,0.0,0.0,0.0,31.037811279296875,,1777874439409079833
1777874439522752465,31,0,1,0,true,-0.0006268322467803955,-0.03146594390273094,0,0,0.0,0.0,47.70616149902344,0.0,0,0,0.008258800022304058,0.0,0.0,0.0,31.039642333984375,,1777874439509079927
1777874439622451541,31,0,1,0,true,-0.0007683038711547852,-0.07267510145902634,0,0,0.0,0.0,47.699432373046875,0.0,0,0,0.017190927639603615,0.0,0.0,0.0,31.039215087890625,,1777874439609076911
1777874439723178341,31,0,1,0,true,-0.0008016824722290039,-0.06839101761579514,0,0,0.0,0.0,47.70952606201172,0.0,0,0,0.010723937302827835,0.0,0.0,0.0,31.038604736328125,,1777874439709069764
1777874439822863471,31,0,1,0,true,-0.00046694278717041016,0.07496187835931778,0,0,0.0,0.0,47.70616149902344,0.0,0,0,-0.007144082337617874,0.0,0.0,0.0,31.03778076171875,,1777874439809083600
1777874439922582380,31,0,1,0,true,-0.0005702376365661621,0.059744056314229965,0,0,0.0,0.0,47.70952606201172,0.0,0,0,-0.010579900816082954,0.0,0.0,0.0,31.037628173828125,,1777874439909091620
1777874440023322625,31,0,1,0,true,-0.0005664527416229248,-0.024060074239969254,0,0,0.0,0.0,47.696067810058594,0.0,0,0,0.0057372478768229485,0.0,0.0,0.0,31.038330078125,,1777874440009093992
1777874440123007163,31,0,1,0,true,-0.0006090998649597168,0.012336019426584244,0,0,0.0,0.0,47.70616149902344,0.0,0,0,-0.00108143815305084,0.0,0.0,0.0,31.038177490234375,,1777874440109090124
1777874440222701441,31,0,1,0,true,-0.0005634427070617676,0.05731518566608429,0,0,0.0,0.0,47.699432373046875,0.0,0,0,-0.010043435730040073,0.0,0.0,0.0,31.039093017578125,,1777874440209091348
1777874440322459109,31,0,1,0,true,-0.0006567835807800293,-0.009382402524352074,0,0,0.0,0.0,47.716251373291016,0.0,0,0,0.005309160798788071,0.0,0.0,0.0,31.038330078125,,1777874440309086053
1777874440423133520,31,0,1,0,true,-0.0008016824722290039,-0.07045482099056244,0,0,0.0,0.0,47.712890625,0.0,0,0,0.01360313966870308,0.0,0.0,0.0,31.037750244140625,,1777874440409110241
1777874440522854392,31,0,1,0,true,-0.0007140040397644043,-0.04599830508232117,0,0,0.0,0.0,47.712890625,0.0,0,0,0.010126503184437752,0.0,0.0,0.0,31.037109375,,1777874440509114372
1777874440622628782,31,0,1,0,true,-0.0005221068859100342,0.10615002363920212,0,0,0.0,0.0,47.7196159362793,0.0,0,0,-0.018453849479556084,0.0,0.0,0.0,31.038543701171875,,1777874440609089559
1777874440723253175,31,0,1,0,true,-0.0006979405879974365,-0.06252367049455643,0,0,0.0,0.0,47.716251373291016,0.0,0,0,0.011883977800607681,0.0,0.0,0.0,31.038421630859375,,1777874440709097357
1777874440822970139,31,0,1,0,true,-0.0005904436111450195,0.00024003442376852036,0,0,0.0,0.0,47.70952606201172,0.0,0,0,4.149889264226658e-6,0.0,0.0,0.0,31.0377197265625,,1777874440809098804
1777874440922689566,31,0,1,0,true,-0.0008530020713806152,-0.06094413995742798,0,0,0.0,0.0,47.702796936035156,0.0,0,0,0.007185541559010744,0.0,0.0,0.0,31.03863525390625,,1777874440909088083
1777874441023394403,31,0,1,0,true,-0.0006773769855499268,-0.03313111513853073,0,0,0.0,0.0,47.699432373046875,0.0,0,0,0.004955142270773649,0.0,0.0,0.0,31.03790283203125,,1777874441009116474
1777874441123105645,31,0,1,0,true,-0.0005106627941131592,0.02585887536406517,0,0,0.0,0.0,47.716251373291016,0.0,0,0,-0.0012817505048587918,0.0,0.0,0.0,31.03826904296875,,1777874441109098198
1777874441222832924,31,0,1,0,true,-0.0005951821804046631,0.05786285921931267,0,0,0.0,0.0,47.712890625,0.0,0,0,-0.010782575234770775,0.0,0.0,0.0,31.039642333984375,,1777874441209104811
1777874441322511832,31,0,1,0,true,-0.0006231069564819336,0.02948732301592827,0,0,0.0,0.0,47.70616149902344,0.0,0,0,-0.0016273990040645003,0.0,0.0,0.0,31.038818359375,,1777874441309096294
1777874441423239669,31,0,1,0,true,-0.0006877481937408447,-0.03403631970286369,0,0,0.0,0.0,47.69270706176758,0.0,0,0,0.0074349744245409966,0.0,0.0,0.0,31.0377197265625,,1777874441409093556
1777874441522957485,31,0,1,0,true,-0.0006353259086608887,0.04123690724372864,0,0,0.0,0.0,47.696067810058594,0.0,0,0,-0.0063406554982066154,0.0,0.0,0.0,31.038055419921875,,1777874441509098632
1777874441622703246,31,0,1,0,true,-0.0007580816745758057,-0.07328969985246658,0,0,0.0,0.0,47.6893424987793,0.0,0,0,0.01241468358784914,0.0,0.0,0.0,31.038055419921875,,1777874441609094170
1777874441723348231,31,0,1,0,true,-0.0005345940589904785,-0.019734937697649002,0,0,0.0,0.0,47.699432373046875,0.0,0,0,0.006952591240406036,0.0,0.0,0.0,31.037506103515625,,1777874441709117617
1777874441823082547,31,0,1,0,true,-0.0005986690521240234,0.01878828927874565,0,0,0.0,0.0,47.69270706176758,0.0,0,0,-0.004465911071747541,0.0,0.0,0.0,31.037628173828125,,1777874441809112656
1777874441922769344,31,0,1,0,true,-0.00041180849075317383,0.09890811145305634,0,0,0.0,0.0,47.672523498535156,0.0,0,0,-0.013745463453233242,0.0,0.0,0.0,31.03753662109375,,1777874441909107324
1777874442022475234,31,0,1,0,true,-0.000745236873626709,-0.06824941188097,0,0,0.0,0.0,47.69270706176758,0.0,0,0,0.013124251738190651,0.0,0.0,0.0,31.038177490234375,,1777874442009113400
1777874442123167978,31,0,1,0,true,-0.00068625807762146,-0.00949789583683014,0,0,0.0,0.0,47.702796936035156,0.0,0,0,0.003454369492828846,0.0,0.0,0.0,31.037750244140625,,1777874442109110272
1777874442222942887,31,0,1,0,true,-0.0006614625453948975,0.00029588735196739435,0,0,0.0,0.0,47.702796936035156,0.0,0,0,0.004903656430542469,0.0,0.0,0.0,31.03643798828125,,1777874442209098589
1777874442322584518,31,0,1,0,true,-0.0006235241889953613,0.022662531584501266,0,0,0.0,0.0,47.70952606201172,0.0,0,0,0.0007513981545343995,0.0,0.0,0.0,31.037689208984375,,1777874442309130017
1777874442423310170,31,0,1,0,true,-0.000622183084487915,0.04252207651734352,0,0,0.0,0.0,47.702796936035156,0.0,0,0,-0.005011325236409903,0.0,0.0,0.0,31.038238525390625,,1777874442409115223
1777874442523013504,31,0,1,0,true,-0.000491708517074585,0.06543633341789246,0,0,0.0,0.0,47.682613372802734,0.0,0,0,-0.009906156919896603,0.0,0.0,0.0,31.038665771484375,,1777874442509122039
1777874442622714079,31,0,1,0,true,-0.0008069276809692383,-0.07763713598251343,0,0,0.0,0.0,47.69270706176758,0.0,0,0,0.017213454470038414,0.0,0.0,0.0,31.039459228515625,,1777874442609129819
1777874442722419654,31,0,1,0,true,-0.0007464587688446045,-0.09650946408510208,0,0,0.0,0.0,47.702796936035156,0.0,0,0,0.01517490390688181,0.0,0.0,0.0,31.039276123046875,,1777874442709118913
1777874442823134380,31,0,1,0,true,-0.0004920363426208496,0.002922241808846593,0,0,0.0,0.0,47.70616149902344,0.0,0,0,0.00030461710412055254,0.0,0.0,0.0,31.03814697265625,,1777874442809120693
1777874442922874104,31,0,1,0,true,-0.0005112886428833008,-0.01238497719168663,0,0,0.0,0.0,47.712890625,0.0,0,0,0.0024129829835146666,0.0,0.0,0.0,31.039825439453125,,1777874442909143380
1777874443022548216,31,0,1,0,true,-0.0007451772689819336,-0.010082751512527466,0,0,0.0,0.0,47.696067810058594,0.0,0,0,0.0023464737460017204,0.0,0.0,0.0,31.038604736328125,,1777874443009117586
1777874443123263294,31,0,1,0,true,-0.0005765855312347412,0.020621102303266525,0,0,0.0,0.0,47.716251373291016,0.0,0,0,-0.004315317142754793,0.0,0.0,0.0,31.038818359375,,1777874443109130477
1777874443222987110,31,0,1,0,true,-0.0007258951663970947,0.039538126438856125,0,0,0.0,0.0,47.70616149902344,0.0,0,0,-0.006641115061938763,0.0,0.0,0.0,31.038787841796875,,1777874443209127793
1777874443322719389,31,0,1,0,true,-0.0008176863193511963,-0.09591717272996902,0,0,0.0,0.0,47.702796936035156,0.0,0,0,0.017439788207411766,0.0,0.0,0.0,31.0374755859375,,1777874443309133814
1777874443423398485,31,0,1,0,true,-0.0006274282932281494,-0.018066054210066795,0,0,0.0,0.0,47.712890625,0.0,0,0,0.0035135590005666018,0.0,0.0,0.0,31.0400390625,,1777874443409125797
1777874443523113782,31,0,1,0,true,-0.000690460205078125,0.005500125698745251,0,0,0.0,0.0,47.712890625,0.0,0,0,-0.0003540771431289613,0.0,0.0,0.0,31.038482666015625,,1777874443509120003
1777874443622846024,31,0,1,0,true,-0.0005120337009429932,0.04597913473844528,0,0,0.0,0.0,47.712890625,0.0,0,0,-0.007140976842492819,0.0,0.0,0.0,31.03875732421875,,1777874443609128690
1777874443722529877,31,0,1,0,true,-0.0006659030914306641,-0.029867779463529587,0,0,0.0,0.0,47.69270706176758,0.0,0,0,0.00847194716334343,0.0,0.0,0.0,31.038543701171875,,1777874443709135914
1777874443823290900,31,0,1,0,true,-0.0005973279476165771,0.004688036162406206,0,0,0.0,0.0,47.699432373046875,0.0,0,0,0.002952754497528076,0.0,0.0,0.0,31.03814697265625,,1777874443809136897
1777874443922965419,31,0,1,0,true,-0.0006346702575683594,-0.0015853337245061994,0,0,0.0,0.0,47.7196159362793,0.0,0,0,-0.0018716761842370033,0.0,0.0,0.0,31.03857421875,,1777874443909155103
1777874444022733235,31,0,1,0,true,-0.0004953742027282715,0.04042847827076912,0,0,0.0,0.0,47.72970962524414,0.0,0,0,-0.008435937575995922,0.0,0.0,0.0,31.03717041015625,,1777874444009149234
1777874444123378406,31,0,1,0,true,-0.00064849853515625,0.0166909359395504,0,0,0.0,0.0,47.712890625,0.0,0,0,-0.0013265316374599934,0.0,0.0,0.0,31.038909912109375,,1777874444109144625
1777874444223109055,31,0,1,0,true,-0.0005211234092712402,0.004371402319520712,0,0,0.0,0.0,47.716251373291016,0.0,0,0,0.002015800913795829,0.0,0.0,0.0,31.0379638671875,,1777874444209138368
1777874444322812852,31,0,1,0,true,-0.0005807578563690186,0.032773010432720184,0,0,0.0,0.0,47.696067810058594,0.0,0,0,-0.002571555320173502,0.0,0.0,0.0,31.038604736328125,,1777874444309143407
1777874444422501427,31,0,1,0,true,-0.0007413923740386963,-0.011587768793106079,0,0,0.0,0.0,47.712890625,0.0,0,0,0.001399964326992631,0.0,0.0,0.0,31.038238525390625,,1777874444409147686
1777874444523225716,31,0,1,0,true,-0.0006799697875976562,-0.01669885963201523,0,0,0.0,0.0,47.72634506225586,0.0,0,0,0.0009448032360523939,0.0,0.0,0.0,31.0394287109375,,1777874444509142505
1777874444622926050,31,0,1,0,true,-0.0005761682987213135,0.009527195245027542,0,0,0.0,0.0,47.70952606201172,0.0,0,0,-0.0012216485338285565,0.0,0.0,0.0,31.039947509765625,,1777874444609150822
1777874444722620459,31,0,1,0,true,-0.0007476508617401123,0.003790239803493023,0,0,0.0,0.0,47.7196159362793,0.0,0,0,-0.0012426504399627447,0.0,0.0,0.0,31.039520263671875,,1777874444709147990
1777874444823331740,31,0,1,0,true,-0.00042515993118286133,0.09348779916763306,0,0,0.0,0.0,47.712890625,0.0,0,0,-0.015674913302063942,0.0,0.0,0.0,31.03759765625,,1777874444809153881
1777874444923041130,31,0,1,0,true,-0.0008355975151062012,-0.08919297903776169,0,0,0.0,0.0,47.716251373291016,0.0,0,0,0.014702062122523785,0.0,0.0,0.0,31.038787841796875,,1777874444909155012
1777874445022750242,31,0,1,0,true,-0.0004571378231048584,0.06724686920642853,0,0,0.0,0.0,47.70952606201172,0.0,0,0,-0.006953636184334755,0.0,0.0,0.0,31.03912353515625,,1777874445009150329
1777874445122463910,31,0,1,0,true,-0.0007104873657226562,-0.055784568190574646,0,0,0.0,0.0,47.70952606201172,0.0,0,0,0.010526045225560665,0.0,0.0,0.0,31.038787841796875,,1777874445109152109
1777874445223167377,31,0,1,0,true,-0.0004329979419708252,0.05508752912282944,0,0,0.0,0.0,47.699432373046875,0.0,0,0,-0.007016586605459452,0.0,0.0,0.0,31.039947509765625,,1777874445209892594
1777874445322878600,31,0,1,0,true,-0.0007408261299133301,-0.03133178502321243,0,0,0.0,0.0,47.70616149902344,0.0,0,0,0.008452278561890125,0.0,0.0,0.0,31.038421630859375,,1777874445309152649
1777874445422641768,31,0,1,0,true,-0.00044471025466918945,0.04354657232761383,0,0,0.0,0.0,47.69270706176758,0.0,0,0,-0.0053682634606957436,0.0,0.0,0.0,31.038360595703125,,1777874445409141966
1777874445523296957,31,0,1,0,true,-0.0003872811794281006,0.0754462331533432,0,0,0.0,0.0,47.702796936035156,0.0,0,0,-0.013225387781858444,0.0,0.0,0.0,31.038421630859375,,1777874445509145912
1777874445623006143,31,0,1,0,true,-0.0006948113441467285,0.01828535459935665,0,0,0.0,0.0,47.696067810058594,0.0,0,0,-0.0038046762347221375,0.0,0.0,0.0,31.03875732421875,,1777874445609159414
1777874445722754311,31,0,1,0,true,-0.000665515661239624,-0.07233603298664093,0,0,0.0,0.0,47.702796936035156,0.0,0,0,0.01160678081214428,0.0,0.0,0.0,31.038604736328125,,1777874445709327491
1777874445822419830,31,0,1,0,true,-0.000492781400680542,0.05243140459060669,0,0,0.0,0.0,47.696067810058594,0.0,0,0,-0.007803013082593679,0.0,0.0,0.0,31.039093017578125,,1777874445809165159
1777874445923140853,31,0,1,0,true,-0.0005967319011688232,-0.028277017176151276,0,0,0.0,0.0,47.712890625,0.0,0,0,0.005808213725686073,0.0,0.0,0.0,31.037994384765625,,1777874445909160642
1777874446022853557,31,0,1,0,true,-0.000598609447479248,0.003011689055711031,0,0,0.0,0.0,47.69270706176758,0.0,0,0,0.000657174619846046,0.0,0.0,0.0,31.038177490234375,,1777874446009163514
1777874446122546984,31,0,1,0,true,-0.00044029951095581055,0.10054724663496017,0,0,0.0,0.0,47.682613372802734,0.0,0,0,-0.01586623303592205,0.0,0.0,0.0,31.03863525390625,,1777874446109159405
1777874446223253729,31,0,1,0,true,-0.0008025169372558594,-0.0341034010052681,0,0,0.0,0.0,47.70616149902344,0.0,0,0,0.006373781245201826,0.0,0.0,0.0,31.039459228515625,,1777874446209176666
1777874446322966100,31,0,1,0,true,-0.000746607780456543,-0.05494266003370285,0,0,0.0,0.0,47.69270706176758,0.0,0,0,0.012192817404866219,0.0,0.0,0.0,31.038330078125,,1777874446309175149
1777874446422668972,31,0,1,0,true,-0.0005271732807159424,0.05420089513063431,0,0,0.0,0.0,47.696067810058594,0.0,0,0,-0.0037078866735100746,0.0,0.0,0.0,31.037200927734375,,1777874446409173466
1777874446523381791,31,0,1,0,true,-0.0005408227443695068,0.041508838534355164,0,0,0.0,0.0,47.696067810058594,0.0,0,0,-0.006997566670179367,0.0,0.0,0.0,31.039031982421875,,1777874446509177023
1777874446623105180,31,0,1,0,true,-0.000597536563873291,-0.00983683206140995,0,0,0.0,0.0,47.70616149902344,0.0,0,0,0.006594119593501091,0.0,0.0,0.0,31.039093017578125,,1777874446609172581
1777874446722778755,31,0,1,0,true,-0.0006704926490783691,-0.028299368917942047,0,0,0.0,0.0,47.6893424987793,0.0,0,0,0.005578149110078812,0.0,0.0,0.0,31.039764404296875,,1777874446709161120
1777874446822489738,31,0,1,0,true,-0.0006258189678192139,0.004721594043076038,0,0,0.0,0.0,47.682613372802734,0.0,0,0,-0.0027216130401939154,0.0,0.0,0.0,31.039306640625,,1777874446809180677
1777874446923233501,31,0,1,0,true,-0.0005293786525726318,0.03985852748155594,0,0,0.0,0.0,47.696067810058594,0.0,0,0,-0.0064948746003210545,0.0,0.0,0.0,31.038909912109375,,1777874446909192327
1777874447022978169,31,0,1,0,true,-0.0005386769771575928,0.04108040779829025,0,0,0.0,0.0,47.696067810058594,0.0,0,0,-0.004341675899922848,0.0,0.0,0.0,31.038818359375,,1777874447009178533
1777874447122636651,31,0,1,0,true,-0.000554502010345459,0.0019313310040161014,0,0,0.0,0.0,47.6893424987793,0.0,0,0,0.003006000304594636,0.0,0.0,0.0,31.040252685546875,,1777874447109181794
1777874447222673598,31,0,1,0,true,-0.0007646381855010986,-0.07662387937307358,0,0,0.0,0.0,47.682613372802734,0.0,0,0,0.012825635261833668,0.0,0.0,0.0,31.03973388671875,,1777874447209171499
1777874447323048267,31,0,1,0,true,-0.0006118416786193848,0.00729202339425683,0,0,0.0,0.0,47.69270706176758,0.0,0,0,0.0009598619653843343,0.0,0.0,0.0,31.039825439453125,,1777874447309179686
1777874447422784657,31,0,1,0,true,-0.0005192756652832031,0.02120228111743927,0,0,0.0,0.0,47.696067810058594,0.0,0,0,-0.00196745409630239,0.0,0.0,0.0,31.0394287109375,,1777874447409180392
1777874447522450565,31,0,1,0,true,-0.0005421340465545654,0.06517189741134644,0,0,0.0,0.0,47.699432373046875,0.0,0,0,-0.013435449451208115,0.0,0.0,0.0,31.03961181640625,,1777874447509188171
1777874447623167403,31,0,1,0,true,-0.0005103349685668945,0.02864915132522583,0,0,0.0,0.0,47.672523498535156,0.0,0,0,-0.0030017506796866655,0.0,0.0,0.0,31.04010009765625,,1777874447609187044
1777874447723284720,31,0,1,0,true,-0.0008462071418762207,-0.08370935171842575,0,0,0.0,0.0,47.682613372802734,0.0,0,0,0.014860921539366245,0.0,0.0,0.0,31.03924560546875,,1777874447709180675
1777874447822566460,31,0,1,0,true,-0.0006050765514373779,0.01901925541460514,0,0,0.0,0.0,47.702796936035156,0.0,0,0,-0.0008194117690436542,0.0,0.0,0.0,31.03814697265625,,1777874447809185677
1777874447923295575,31,0,1,0,true,-0.00042760372161865234,0.05979256331920624,0,0,0.0,0.0,47.702796936035156,0.0,0,0,-0.008946210145950317,0.0,0.0,0.0,31.0390625,,1777874447909176697
1777874448023005169,31,0,1,0,true,-0.0005826354026794434,0.015789443626999855,0,0,0.0,0.0,47.67924880981445,0.0,0,0,-0.002375921932980418,0.0,0.0,0.0,31.039703369140625,,1777874448009198625
1777874448122703948,31,0,1,0,true,-0.0006266236305236816,0.02806057035923004,0,0,0.0,0.0,47.696067810058594,0.0,0,0,-0.0014650659868493676,0.0,0.0,0.0,31.040313720703125,,1777874448109199423
1777874448222989135,31,0,1,0,true,-0.0006206631660461426,0.03098117932677269,0,0,0.0,0.0,47.696067810058594,0.0,0,0,-0.004363520070910454,0.0,0.0,0.0,31.039306640625,,1777874448209200610
1777874448323154953,31,0,1,0,true,-0.0005660951137542725,0.0299045592546463,0,0,0.0,0.0,47.69270706176758,0.0,0,0,-0.0018020153511315584,0.0,0.0,0.0,31.039215087890625,,1777874448309189927
1777874448422853324,31,0,1,0,true,-0.0006137192249298096,-0.025073278695344925,0,0,0.0,0.0,47.696067810058594,0.0,0,0,0.00621054507791996,0.0,0.0,0.0,31.039947509765625,,1777874448409191058
1777874448522553936,31,0,1,0,true,-0.0007153153419494629,-0.06722866743803024,0,0,0.0,0.0,47.696067810058594,0.0,0,0,0.014840864576399326,0.0,0.0,0.0,31.03961181640625,,1777874448509192171
1777874448623336274,31,0,1,0,true,-0.0007757842540740967,-0.044683195650577545,0,0,0.0,0.0,47.69270706176758,0.0,0,0,0.008648713119328022,0.0,0.0,0.0,31.040374755859375,,1777874448609186618
1777874448723207034,31,0,1,0,true,-0.0005462765693664551,0.010063691064715385,0,0,0.0,0.0,47.696067810058594,0.0,0,0,0.004387544933706522,0.0,0.0,0.0,31.039031982421875,,1777874448709201953
1777874448822676627,31,0,1,0,true,-0.0006606578826904297,0.009501151740550995,0,0,0.0,0.0,47.702796936035156,0.0,0,0,-0.0003976156294811517,0.0,0.0,0.0,31.0386962890625,,1777874448809188918
1777874448923393853,31,0,1,0,true,-0.0005835890769958496,0.011322826147079468,0,0,0.0,0.0,47.696067810058594,0.0,0,0,-0.0003943248593714088,0.0,0.0,0.0,31.040496826171875,,1777874448909192234
1777874449023101854,31,0,1,0,true,-0.0005140304565429688,0.06384572386741638,0,0,0.0,0.0,47.699432373046875,0.0,0,0,-0.01010142732411623,0.0,0.0,0.0,31.038482666015625,,1777874449009211736
1777874449122818189,31,0,1,0,true,-0.0008372962474822998,-0.07774513959884644,0,0,0.0,0.0,47.716251373291016,0.0,0,0,0.011525767855346203,0.0,0.0,0.0,31.038970947265625,,1777874449109199442
1777874449222736283,31,0,1,0,true,-0.0006121695041656494,0.024450749158859253,0,0,0.0,0.0,47.70952606201172,0.0,0,0,-0.00566635187715292,0.0,0.0,0.0,31.0384521484375,,1777874449209204277
1777874449323214971,31,0,1,0,true,-0.0006660819053649902,0.005950981751084328,0,0,0.0,0.0,47.712890625,0.0,0,0,0.00007148781151045114,0.0,0.0,0.0,31.03887939453125,,1777874449309212853
1777874449422952287,31,0,1,0,true,-0.0005939900875091553,0.017328033223748207,0,0,0.0,0.0,47.696067810058594,0.0,0,0,-0.0015876457327976823,0.0,0.0,0.0,31.03887939453125,,1777874449409194392
1777874449522636140,31,0,1,0,true,-0.0006188154220581055,-0.02052835188806057,0,0,0.0,0.0,47.699432373046875,0.0,0,0,0.005364509299397469,0.0,0.0,0.0,31.03790283203125,,1777874449509213727
1777874449623353959,31,0,1,0,true,-0.0005907416343688965,-0.012049566954374313,0,0,0.0,0.0,47.699432373046875,0.0,0,0,0.004552254918962717,0.0,0.0,0.0,31.037841796875,,1777874449609210229
1777874449723063497,31,0,1,0,true,-0.0008721053600311279,-0.0524764209985733,0,0,0.0,0.0,47.6893424987793,0.0,0,0,0.010500995442271233,0.0,0.0,0.0,31.038909912109375,,1777874449709209601
1777874449822836220,31,0,1,0,true,-0.0007087588310241699,-0.07415016740560532,0,0,0.0,0.0,47.696067810058594,0.0,0,0,0.012291790917515755,0.0,0.0,0.0,31.03912353515625,,1777874449809214473
1777874449922486832,31,0,1,0,true,-0.0005320608615875244,0.01047726720571518,0,0,0.0,0.0,47.696067810058594,0.0,0,0,-0.0004752921231556684,0.0,0.0,0.0,31.039215087890625,,1777874449909220179
1777874450023172169,31,0,1,0,true,-0.0004584193229675293,0.04805054888129234,0,0,0.0,0.0,47.696067810058594,0.0,0,0,-0.006383951753377914,0.0,0.0,0.0,31.03997802734375,,1777874450009206921
1777874450122901226,31,0,1,0,true,-0.0006331801414489746,-0.0014734432334080338,0,0,0.0,0.0,47.7196159362793,0.0,0,0,0.004500079434365034,0.0,0.0,0.0,31.040191650390625,,1777874450109214794
1777874450222652542,31,0,1,0,true,-0.0006591379642486572,0.020055022090673447,0,0,0.0,0.0,47.696067810058594,0.0,0,0,-0.003364367876201868,0.0,0.0,0.0,31.039337158203125,,1777874450209221092
1777874450323322638,31,0,1,0,true,-0.00046646595001220703,0.03706468641757965,0,0,0.0,0.0,47.696067810058594,0.0,0,0,-0.006025111768394709,0.0,0.0,0.0,31.039703369140625,,1777874450309216723
1777874450423011454,31,0,1,0,true,-0.0005998015403747559,-0.027040112763643265,0,0,0.0,0.0,47.672523498535156,0.0,0,0,0.005545116029679775,0.0,0.0,0.0,31.03973388671875,,1777874450409231484
1777874450522713047,31,0,1,0,true,-0.0004913210868835449,0.04952574148774147,0,0,0.0,0.0,47.696067810058594,0.0,0,0,-0.006025203038007021,0.0,0.0,0.0,31.03839111328125,,1777874450509226838
1777874450622437715,31,0,1,0,true,-0.0004876852035522461,0.030802449211478233,0,0,0.0,0.0,47.696067810058594,0.0,0,0,-0.0028915160801261663,0.0,0.0,0.0,31.039306640625,,1777874450609223025
1777874450723137941,31,0,1,0,true,-0.0006142556667327881,0.037943821400403976,0,0,0.0,0.0,47.6893424987793,0.0,0,0,-0.005371834617108107,0.0,0.0,0.0,31.039398193359375,,1777874450709224008
1777874450822846664,31,0,1,0,true,-0.0007776021957397461,-0.0758153423666954,0,0,0.0,0.0,47.70616149902344,0.0,0,0,0.011157315224409103,0.0,0.0,0.0,31.039703369140625,,1777874450809206436
1777874450922562702,31,0,1,0,true,-0.0007054507732391357,-0.02749459072947502,0,0,0.0,0.0,47.699432373046875,0.0,0,0,0.006005357019603252,0.0,0.0,0.0,31.039093017578125,,1777874450909222808
1777874451023263318,31,0,1,0,true,-0.0006311237812042236,0.04143819585442543,0,0,0.0,0.0,47.672523498535156,0.0,0,0,-0.0062864418141543865,0.0,0.0,0.0,31.0411376953125,,1777874451009462644
